Crossnumber,TrialName,FemalePlotName,Mother,Cycle,Father,MalePlotName,First_Pollination_Date,Number_of_Repeats,Bunch_Harvest_Date,Seed_Extraction_Date,Total_Seeds,Good_Seeds,Embryo_Rescue_Date,Number_of_Embryo_Rescued,Number_of_Embryo_Germinating,Germination_Date,Location
KA202104_(240037C1/242875),2020 Triploid crossing Block 4 Strip 3,enz-r4-c5,ITC1354-Enzirabahima,1,2905,2905-R-2--C-30,2021-04-23,1.0,,,,,,,,,Kawanda
KA202104_(240038C2/242875),2020 Triploid crossing Block 4 Strip 3,enz-r7-c8,ITC1354-Enzirabahima,2,2905,2905-R-2--C-30,2021-04-23,1.0,,,,,,,,,Kawanda
KA202104_(240048C1/242875),2020 Triploid crossing Block 4 Strip 3,enz-r2-c12,ITC1354-Enzirabahima,1,2905,2905-R-2--C-30,2021-04-23,2.0,,,,,,,,,Kawanda
KA202104_(240056C1/242875),2020 Triploid crossing Block 4 Strip 3,enz-r7-c1,ITC1354-Enzirabahima,1,2905,2905-R-2--C-30,2021-04-23,2.0,,,,,,,,,Kawanda
KA202104_(240059C1/242875),2020 Triploid crossing Block 4 Strip 3,enz-r4-c4,ITC1354-Enzirabahima,1,2905,2905-R-2--C-30,2021-04-23,2.0,,,,,,,,,Kawanda
KA202104_(240064C2/242875),2020 Triploid crossing Block 4 Strip 3,enz-r6-c7,ITC1354-Enzirabahima,2,2905,2905-R-2--C-30,2021-04-23,2.0,,,,,,,,,Kawanda
KA202104_(240075C1/242875),2020 Triploid crossing Block 4 Strip 3,enz-r4-c10,ITC1354-Enzirabahima,1,2905,2905-R-2--C-30,2021-04-23,2.0,,,,,,,,,Kawanda
KA202104_(240102C1/242875),2020 Triploid crossing Block 4 Strip 3,enz-r2-c7,ITC1354-Enzirabahima,1,2905,2905-R-2--C-30,2021-04-23,1.0,,,,,,,,,Kawanda
KA202104_(240130C2/242875),2020 Triploid crossing Block 4 Strip 3,enz-r5-c10,ITC1354-Enzirabahima,2,2905,2905-R-2--C-30,2021-04-23,1.0,,,,,,,,,Kawanda
KA202104_(240139C2/242875),2020 Triploid crossing Block 4 Strip 3,enz-r2-c1,ITC1354-Enzirabahima,2,2905,2905-R-2--C-30,2021-04-27,1.0,,,,,,,,,Kawanda
KA202104_(240154C1/242875),2020 Triploid crossing Block 4 Strip 3,enz-r9-c1,ITC1354-Enzirabahima,1,2905,2905-R-2--C-30,2021-04-23,2.0,,,,,,,,,Kawanda
KA202104_(240177C1/242875),2020 Triploid crossing Block 4 Strip 3,enz-r6-c10,ITC1354-Enzirabahima,1,2905,2905-R-2--C-30,2021-04-23,1.0,,,,,,,,,Kawanda
KA202104_(240196C1/242875),2020 Triploid crossing Block 4 Strip 3,enz-r5-c7,ITC1354-Enzirabahima,1,2905,2905-R-2--C-30,2021-04-23,2.0,,,,,,,,,Kawanda
KA202104_(240200C1/242875),2020 Triploid crossing Block 4 Strip 3,enz-r8-c6,ITC1354-Enzirabahima,1,2905,2905-R-2--C-30,2021-04-23,2.0,,,,,,,,,Kawanda
KA202104_(240231C1/242875),2020 Triploid crossing Block 4 Strip 3,enz-r6-c12,ITC1354-Enzirabahima,1,2905,2905-R-2--C-30,2021-04-23,1.0,,,,,,,,,Kawanda
KA202104_(240233C1/242875),2020 Triploid crossing Block 4 Strip 3,enz-r4-c13,ITC1354-Enzirabahima,1,2905,2905-R-2--C-30,2021-04-23,2.0,,,,,,,,,Kawanda
KA202104_(240268C2/242875),2020 Triploid crossing Block 4 Strip 3,enz-r1-c6,ITC1354-Enzirabahima,2,2905,2905-R-2--C-30,2021-04-23,1.0,,,,,,,,,Kawanda
KA202104_(240287C1/242875),2020 Triploid crossing Block 4 Strip 3,enz-r5-c9,ITC1354-Enzirabahima,1,2905,2905-R-2--C-30,2021-04-23,1.0,,,,,,,,,Kawanda
KA202104_(240294C1/242875),2020 Triploid crossing Block 4 Strip 3,enz-r6-c6,ITC1354-Enzirabahima,1,2905,2905-R-2--C-30,2021-04-23,1.0,,,,,,,,,Kawanda
KA202104_(240347C1/242875),2020 Triploid crossing Block 4 Strip 3,enz-r4-c3,ITC1354-Enzirabahima,1,2905,2905-R-2--C-30,2021-04-23,1.0,,,,,,,,,Kawanda
KA202104_(242309C1/242829),2020 females  Block 5 strip 5,Nakawere-R-1-C-13,Nakawere,1,2905,2905-R-2--C-22,2021-02-21,2.0,,,,,,,,,Kawanda
KA202104_(242312C1/242829),2020 females  Block 5 strip 5,Nakawere-R-6-C-14,Nakawere,1,2905,2905-R-2--C-22,2021-03-02,2.0,,,,,,,,,Kawanda
KA202104_(242313C1/242829),2020 females  Block 5 strip 5,Nakawere-R-5-C-14,Nakawere,1,2905,2905-R-2--C-22,2021-02-21,2.0,,,,,,,,,Kawanda
KA202104_(242344C1/242829),2020 females  Block 5 strip 5,Nakawere-R-7-C-8,Nakawere,1,2905,2905-R-2--C-22,2021-02-26,2.0,,,,,,,,,Kawanda
KA202104_(242357C1/242829),2020 females  Block 5 strip 5,Kabucuragye-R-1-C-15,Kabucuragye,1,2905,2905-R-2--C-22,2021-02-26,2.0,,,,,,,,,Kawanda
KA202104_(242400C1/242829),2020 females  Block 5 strip 5,Nakawere-R-4-C-10,Nakawere,1,2905,2905-R-2--C-22,2021-02-26,2.0,,,,,,,,,Kawanda
KA202104_(242414C1/242829),2020 females  Block 5 strip 5,IITA-Nakyetengu-R-8-C-25,IITA-Nakyetengu,1,2905,2905-R-2--C-22,2021-03-02,2.0,,,,,,,,,Kawanda
KA202104_(242415C1/242829),2020 females  Block 5 strip 5,Nakawere-R-3-C-8,Nakawere,1,2905,2905-R-2--C-22,2021-02-26,2.0,,,,,,,,,Kawanda
KA202104_(242472C1/242829),2020 females  Block 5 strip 5,Kabucuragye-R-2-C-18,Kabucuragye,1,2905,2905-R-2--C-22,2021-02-22,,,,,,,,,,Kawanda
KA202104_(242496C1/242829),2020 females  Block 5 strip 5,Nakawere-R-4-C-11,Nakawere,1,2905,2905-R-2--C-22,2021-02-26,2.0,,,,,,,,,Kawanda
KA202104_(242517C1/242829),2020 females  Block 5 strip 5,Kabucuragye-R-2-C-21,Kabucuragye,1,2905,2905-R-2--C-22,2021-03-02,2.0,,,,,,,,,Kawanda
KA202104_(242526C1/242829),2020 females  Block 5 strip 5,Kabucuragye-R-8-C-17,Kabucuragye,1,2905,2905-R-2--C-22,2021-02-21,2.0,,,,,,,,,Kawanda
KA202104_(242553C2/242829),2020 females  Block 5 strip 5,Namande-R-7-C-2,Namande,2,2905,2905-R-2--C-22,2021-02-11,2.0,2021-05-03,,,,,,,,Kawanda
KA202104_(243949C1/242999),2020 Tetraploid crossing Block 5 Strip 2,376K-1-r2-c22,376K-1,1,AG201087-4,AG201087-4-R-7--C-22,2021-02-26,2.0,,,,,,,,,Kawanda
KA202104_(243981C1/242999),2020 Tetraploid crossing Block 5 Strip 2,376K-1-r2-c21,376K-1,1,AG201087-4,AG201087-4-R-7--C-22,2021-02-26,2.0,,,,,,,,,Kawanda
KA202104_(244001C1/242999),2020 Tetraploid crossing Block 5 Strip 2,1201K-r7-c16,1201K-1,1,AG201087-4,AG201087-4-R-7--C-22,2021-02-26,3.0,,,,,,,,,Kawanda
KA202104_(244003C1/242999),2020 Tetraploid crossing Block 5 Strip 2,1201K-r4-c15,1201K-1,1,AG201087-4,AG201087-4-R-7--C-22,2021-02-26,3.0,,,,,,,,,Kawanda
KA202104_(244115C1/242999),2020 Tetraploid crossing Block 5 Strip 2,660K-1-r4-c5,660K-1,1,AG201087-4,AG201087-4-R-7--C-22,2021-02-26,2.0,,,,,,,,,Kawanda
KA202104_(244135C1/242999),2020 Tetraploid crossing Block 5 Strip 2,401K-1-r1-c25,401K-1,1,AG201087-4,AG201087-4-R-7--C-22,2021-02-26,4.0,,,,,,,,,Kawanda
KA202104_(244279C1/242999),2020 Tetraploid crossing Block 5 Strip 2,365K-1-r7-c20,365K-1,1,AG201087-4,AG201087-4-R-7--C-22,2021-02-26,4.0,,,,,,,,,Kawanda
KA202104_(244315C1/242999),2020 Tetraploid crossing Block 5 Strip 2,365K-1-r1-c17,365K-1,1,AG201087-4,AG201087-4-R-7--C-22,2021-02-26,4.0,,,,,,,,,Kawanda
KA202105_(240009C2/242875),2020 Triploid crossing Block 4 Strip 3,enz-r6-c3,ITC1354-Enzirabahima,2,2905,2905-R-2--C-30,2021-05-13,,,,,,,,,,Kawanda
KA202105_(240013C2/242875),2020 Triploid crossing Block 4 Strip 3,enz-r3-c12,ITC1354-Enzirabahima,2,2905,2905-R-2--C-30,2021-05-13,,,,,,,,,,Kawanda
KA202105_(240148C2/242875),2020 Triploid crossing Block 4 Strip 3,enz-r8-c8,ITC1354-Enzirabahima,2,2905,2905-R-2--C-30,2021-05-04,2.0,,,,,,,,,Kawanda
KA202105_(240180C1/242875),2020 Triploid crossing Block 4 Strip 3,enz-r5-c11,ITC1354-Enzirabahima,1,2905,2905-R-2--C-30,2021-05-13,,,,,,,,,,Kawanda
KA202105_(240251C1/242875),2020 Triploid crossing Block 4 Strip 3,enz-r1-c3,ITC1354-Enzirabahima,1,2905,2905-R-2--C-30,2021-05-13,,,,,,,,,,Kawanda
KA202105_(242899C2/242845),2020 Tetraploid crossing Block 5 Strip 7,917K-1-R-3--C-4,917K-1,2,2905,2905-R-1--C-22,2021-05-10,3.0,,,,,,,,,Kawanda
KA202105_(242941C2/242858),2020 Tetraploid crossing Block 5 Strip 7,222K-1-R-3--C-16,222K-1,2,716,716-R-6--C-22,2021-05-01,4.0,,,,,,,,,Kawanda
KA202105_(243359C1/242999),2020 Crossing block 5 strip 6,1411K-1-R-2--C-60,1411K-1,1,AG201087-4,AG201087-4-R-7--C-22,2021-03-03,,,,,,,,,,Kawanda
KA202105_(243367C2/242999),2020 Crossing block 5 strip 6,660K-1-R-4--C-36,660K-1,2,AG201087-4,AG201087-4-R-7--C-22,2021-03-04,,,,,,,,,,Kawanda
KA202105_(243466C2/242999),2020 Crossing block 5 strip 6,401K-1-R-5--C-63,401K-1,2,AG201087-4,AG201087-4-R-7--C-22,2021-03-04,,,,,,,,,,Kawanda
KA202105_(243524C1/242999),2020 Crossing block 5 strip 6,246K-1-R-4--C-48,246K-1,1,AG201087-4,AG201087-4-R-7--C-22,2021-03-04,,,,,,,,,,Kawanda
KA202105_(243615C1/242999),2020 Crossing block 5 strip 6,401K-1-R-1--C-63,401K-1,1,AG201087-4,AG201087-4-R-7--C-22,2021-03-04,,,,,,,,,,Kawanda
KA202105_(243658C1/242999),2020 Crossing block 5 strip 6,401K-1-R-6--C-62,401K-1,1,AG201087-4,AG201087-4-R-7--C-22,2021-02-26,,,,,,,,,,Kawanda
KA202105_(243685C1/242999),2020 Crossing block 5 strip 6,246K-1-R-3--C-48,246K-1,1,AG201087-4,AG201087-4-R-7--C-22,2021-03-03,,,,,,,,,,Kawanda
KA202105_(243729C1/242999),2020 Crossing block 5 strip 6,1201K-1-R-5--C-46,1201K-1,1,AG201087-4,AG201087-4-R-7--C-22,2021-02-26,,,,,,,,,,Kawanda
KA202105_(243822C2/242999),2020 Crossing block 5 strip 6,660K-1-R-1--C-37,660K-1,2,AG201087-4,AG201087-4-R-7--C-22,2021-03-04,,,,,,,,,,Kawanda
SE202009_(240104C1/242996),2020 Triploid crossing Block 4 Strip 3,enz-r1-c15,ITC1354-Enzirabahima,1,2905,2905-R-1--C-24,2020-09-22,2.0,,,,,,,,,Kawanda
SE202009_(240128C1/242855),2020 Triploid crossing Block 4 Strip 3,enz-r9-c5,ITC1354-Enzirabahima,1,2905,2905-R-1--C-25,2020-09-29,2.0,2021-01-10,2021-01-17,0,,,,,,Kawanda
SE202009_(242333C1/242961),2020 females  Block 5 strip 5,Nakawere-R-5-C-10,Nakawere,1,2905,2905-R-2--C-26,2020-09-28,1.0,,,,,,,,,Kawanda
SE202009_(242376C1/242855),2020 females  Block 5 strip 5,Kabucuragye-R-1-C-17,Kabucuragye,1,2905,2905-R-1--C-25,2020-09-29,2.0,2021-01-10,2021-01-19,0,,,,,,Kawanda
SE202009_(242381C1/242996),2020 females  Block 5 strip 5,IITA-Nakyetengu-R-2-C-27,IITA-Nakyetengu,1,2905,2905-R-1--C-24,2020-09-22,2.0,2021-01-10,,,,,,,,Kawanda
SE202009_(242448C1/242996),2020 females  Block 5 strip 5,Nakawere-R-2-C-10,Nakawere,1,2905,2905-R-1--C-24,2020-09-26,2.0,,,,,,,,,Kawanda
SE202009_(242449C1/242996),2020 females  Block 5 strip 5,IITA-Nakyetengu-R-1-C-25,IITA-Nakyetengu,1,2905,2905-R-1--C-24,2020-09-22,2.0,,,,,,,,,Kawanda
SE202009_(242469C1/242961),2020 females  Block 5 strip 5,Bitambi-R-3-C-6,Bitambi,1,2905,2905-R-2--C-26,2020-09-30,,,,,,,,,,Kawanda
SE202009_(242483C1/242996),2020 females  Block 5 strip 5,IITA-Nakyetengu-R-4-C-23,IITA-Nakyetengu,1,2905,2905-R-1--C-24,2020-09-25,2.0,,,,,,,,,Kawanda
SE202009_(242508C1/242996),2020 females  Block 5 strip 5,IITA-Nakyetengu-R-1-C-26,IITA-Nakyetengu,1,2905,2905-R-1--C-24,2020-09-25,2.0,,,,,,,,,Kawanda
SE202009_(242510C1/242996),2020 females  Block 5 strip 5,Kabucuragye-R-3-C-20,Kabucuragye,1,2905,2905-R-1--C-24,2020-09-22,2.0,,,,,,,,,Kawanda
SE202009_(242549C1/242855),2020 females  Block 5 strip 5,Bitambi-R-4-C-6,Bitambi,1,2905,2905-R-1--C-25,2020-09-30,,,,,,,,,,Kawanda
SE202009_(242553C1/243074),2020 females  Block 5 strip 5,Namande-R-7-C-2,Namande,1,2905,2905-R-2--C-24,2020-09-25,4.0,,,,,,,,,Kawanda
SE202009_(242814C1/242859),2020 Tetraploid crossing Block 5 Strip 7,1201K-1-R-9--C-17,1201K-1,1,402,402-R-4--C-22,2020-09-22,,,,,,,,,,Kawanda
SE202009_(242814C2/242859),2020 Tetraploid crossing Block 5 Strip 7,1201K-1-R-9--C-17,1201K-1,2,402,402-R-4--C-22,2020-09-26,1.0,,,,,,,,,Kawanda
SE202009_(242815C1/242859),2020 Tetraploid crossing Block 5 Strip 7,1201K-1-R-6--C-15,1201K-1,1,402,402-R-4--C-22,2020-09-22,2.0,,,,,,,,,Kawanda
SE202009_(242863C1/242841),2020 Tetraploid crossing Block 5 Strip 7,660K-1-R-1--C-11,660K-1,1,716,716-R-5--C-22,2020-09-30,2.0,2021-02-10,,,,,,,,Kawanda
SE202009_(242941C1/242829),2020 Tetraploid crossing Block 5 Strip 7,222K-1-R-3--C-16,222K-1,1,2905,2905-R-2--C-22,2020-09-25,3.0,2021-01-31,2021-02-18,65,22,2021-03-15,12.0,,,Kawanda
SE202009_(242962C1/242841),2020 Tetraploid crossing Block 5 Strip 7,660K-1-R-1--C-8,660K-1,1,716,716-R-5--C-22,2020-09-30,2.0,2021-01-31,2021-02-18,11,5,2021-03-09,1.0,1.0,2021-03-23,Kawanda
SE202009_(242992C1/243038),2020 Tetraploid crossing Block 5 Strip 7,376K-1-R-6--C-8,376K-1,1,402,402-R-4--C-25,2020-09-26,2.0,2021-01-31,2021-02-18,28,16,2021-03-15,11.0,,,Kawanda
SE202009_(243017C1/243063),2020 Tetraploid crossing Block 5 Strip 7,401K-1-R-7--C-1,401K-1,1,402,402-R-4--C-23,2020-09-22,2.0,2021-01-31,,,,,,,,Kawanda
SE202009_(243035C1/242850),2020 Tetraploid crossing Block 5 Strip 7,401K-1-R-9--C-6,401K-1,1,2905,2905-R-2--C-23,2020-09-26,,2021-01-31,2021-02-15,34,17,2021-03-15,13.0,,,Kawanda
SE202009_(243035C2/242864),2020 Tetraploid crossing Block 5 Strip 7,401K-1-R-9--C-6,401K-1,2,2905,2905-R-2--C-27,2020-09-28,3.0,,,,,,,,,Kawanda
SE202009_(243058C1/242859),2020 Tetraploid crossing Block 5 Strip 7,376K-1-R-7--C-12,376K-1,1,402,402-R-4--C-22,2020-09-25,2.0,2021-01-31,2021-02-15,24,10,2021-03-15,7.0,,,Kawanda
SE202009_(243071C1/242859),2020 Tetraploid crossing Block 5 Strip 7,376K-1-R-6--C-10,376K-1,1,402,402-R-4--C-22,2020-09-25,1.0,2021-01-31,2021-02-15,11,7,2021-03-15,4.0,,,Kawanda
SE202009_(243366C1/243057),2020 Crossing block 5 strip 6,246K-1-R-3--C-55,246K-1,1,AG201087-4,AG201087-4-R-8--C-24,2020-09-26,2.0,,,,,,,,,Kawanda
SE202009_(243377C1/242999),2020 Crossing block 5 strip 6,1411K-1-R-3--C-58,1411K-1,1,AG201087-4,AG201087-4-R-7--C-22,2020-09-27,4.0,2021-01-22,2021-02-10,6,,,,,,Kawanda
SE202009_(243382C1/242999),2020 Crossing block 5 strip 6,Nabio1117-R-4--C-56,Nabio1117,1,AG201087-4,AG201087-4-R-7--C-22,2020-09-27,4.0,,,,,,,,,Kawanda
SE202009_(243407C1/243057),2020 Crossing block 5 strip 6,199K-3-R-2--C-52,199K-3,1,AG201087-4,AG201087-4-R-8--C-24,2020-09-26,2.0,2021-01-24,2021-02-01,7,,,,,,Kawanda
SE202009_(243443C1/242999),2020 Crossing block 5 strip 6,376K-1-R-3--C-43,376K-1,1,AG201087-4,AG201087-4-R-7--C-22,2020-09-22,3.0,2021-01-20,2021-02-10,94,54,2021-03-22,33.0,,,Kawanda
SE202009_(243452C1/243057),2020 Crossing block 5 strip 6,660K-1-R-1--C-36,660K-1,1,AG201087-4,AG201087-4-R-8--C-24,2020-09-25,2.0,,,,,,,,,Kawanda
SE202009_(243488C1/242999),2020 Crossing block 5 strip 6,1154K-1-R-6--C-49,1154K-1,1,AG201087-4,AG201087-4-R-7--C-22,2020-09-22,3.0,2021-01-05,2021-01-22,245,229,2021-03-22,134.0,,,Kawanda
SE202009_(243519C1/242999),2020 Crossing block 5 strip 6,1411K-1-R-7--C-45,1411K-1,1,AG201087-4,AG201087-4-R-7--C-22,2020-09-25,3.0,,,,,,,,,Kawanda
SE202009_(243542C1/242896),2020 Crossing block 5 strip 6,917K-2-R-4--C-51,917K-2,1,AG201087-4,AG201087-4-R-7--C-29,2020-09-28,3.0,2021-01-18,2021-02-01,64,40,2021-03-01,40.0,,,Kawanda
SE202009_(243563C1/242999),2020 Crossing block 5 strip 6,Nabio1117-R-2--C-56,Nabio1117,1,AG201087-4,AG201087-4-R-7--C-22,2020-09-27,7.0,2021-03-17,2021-04-15,10,,,,,,Kawanda
SE202009_(243687C1/242999),2020 Crossing block 5 strip 6,1411K-1-R-8--C-60,1411K-1,1,AG201087-4,AG201087-4-R-7--C-22,2020-09-25,3.0,2021-01-20,2021-02-01,3,,,,,,Kawanda
SE202009_(243721C1/242999),2020 Crossing block 5 strip 6,1154K-1-R-5--C-49,1154K-1,1,AG201087-4,AG201087-4-R-7--C-22,2020-09-22,3.0,2021-01-08,2021-01-25,80,,,,,,Kawanda
SE202009_(243829C1/242999),2020 Crossing block 5 strip 6,1201K-1-R-3--C-47,1201K-1,1,AG201087-4,AG201087-4-R-7--C-22,2020-09-21,3.0,2021-01-08,2021-02-01,575,556,2021-03-23,144.0,,,Kawanda
SE202009_(243838C1/242999),2020 Crossing block 5 strip 6,401K-1-R-3--C-61,401K-1,1,AG201087-4,AG201087-4-R-7--C-22,2020-09-26,2.0,2021-01-29,2021-02-10,0,,,,,,Kawanda
SE202009_(243950C1/242996),2020 Tetraploid crossing Block 5 Strip 2,Namande-r2-c48,Namande,1,2905,2905-R-1--C-24,2020-09-23,2.0,,,,,,,,,Kawanda
SE202009_(244004C1/242996),2020 Tetraploid crossing Block 5 Strip 2,Namande-r4-c47,Namande,1,2905,2905-R-1--C-24,2020-09-23,,2021-01-03,2021-01-19,0,,,,,,Kawanda
SE202009_(244017C1/242999),2020 Tetraploid crossing Block 5 Strip 2,365K-1-r4-c20,365K-1,1,AG201087-4,AG201087-4-R-7--C-22,2020-09-23,4.0,,,,,,,,,Kawanda
SE202009_(244029C1/242999),2020 Tetraploid crossing Block 5 Strip 2,660K-1-r1-c5,660K-1,1,AG201087-4,AG201087-4-R-7--C-22,2020-09-27,2.0,2021-02-10,2021-02-22,0,,,,,,Kawanda
SE202009_(244049C1/242855),2020 Tetraploid crossing Block 5 Strip 2,Kabucuragye-r7-c44,Kabucuragye,1,2905,2905-R-1--C-25,2020-09-30,1.0,2020-12-30,,,,,,,,Kawanda
SE202009_(244056C1/242999),2020 Tetraploid crossing Block 5 Strip 2,365K-1-r3-c17,365K-1,1,AG201087-4,AG201087-4-R-7--C-22,2020-09-27,2.0,2021-02-02,2021-02-26,5,,,,,,Kawanda
SE202009_(244084C1/242999),2020 Tetraploid crossing Block 5 Strip 2,401K-1-r2-c28,401K-1,1,AG201087-4,AG201087-4-R-7--C-22,2020-09-27,2.0,2021-01-28,2021-02-10,22,,,,,,Kawanda
SE202009_(244093C1/242999),2020 Tetraploid crossing Block 5 Strip 2,401K-1-r7-c26,401K-1,1,AG201087-4,AG201087-4-R-7--C-22,2020-09-23,3.0,2021-01-18,2021-02-10,213,205,2021-03-22,97.0,,,Kawanda
SE202009_(244111C1/242999),2020 Tetraploid crossing Block 5 Strip 2,365K-1-r7-c19,365K-1,1,AG201087-4,AG201087-4-R-7--C-22,2020-09-23,4.0,2021-01-28,2021-02-08,2,1,2021-03-09,0.0,,,Kawanda
SE202009_(244120C1/242999),2020 Tetraploid crossing Block 5 Strip 2,376K-1-r6-c22,376K-1,1,AG201087-4,AG201087-4-R-7--C-22,2020-09-23,3.0,2021-01-21,2021-02-10,35,,,,,,Kawanda
SE202009_(244131C1/242999),2020 Tetraploid crossing Block 5 Strip 2,401K-1-r7-c28,401K-1,1,AG201087-4,AG201087-4-R-7--C-22,2020-09-23,3.0,2021-01-18,2021-02-10,178,172,2021-03-23,48.0,,,Kawanda
SE202009_(244177C1/242999),2020 Tetraploid crossing Block 5 Strip 2,1747K-1-r5-c4,1747K-1,1,AG201087-4,AG201087-4-R-7--C-22,2020-09-23,4.0,2021-02-01,2021-02-17,192,186,2021-03-22,56.0,,,Kawanda
SE202009_(244229C1/242999),2020 Tetraploid crossing Block 5 Strip 2,365K-1-r4-c17,365K-1,1,AG201087-4,AG201087-4-R-7--C-22,2020-09-23,3.0,2021-01-13,2021-01-22,75,,,,,,Kawanda
SE202009_(244231C1/242999),2020 Tetraploid crossing Block 5 Strip 2,1747K-1-r3-c3,1747K-1,1,AG201087-4,AG201087-4-R-7--C-22,2020-09-23,3.0,2021-02-01,2021-02-17,20,,,,,,Kawanda
SE202009_(244255C1/242999),2020 Tetraploid crossing Block 5 Strip 2,1747K-1-r7-c4,1747K-1,1,AG201087-4,AG201087-4-R-7--C-22,2020-09-27,2.0,,,,,,,,,Kawanda
SE202009_(244296C1/242996),2020 Tetraploid crossing Block 5 Strip 2,Namande-r2-c49,Namande,1,2905,2905-R-1--C-24,2020-09-24,2.0,,,,,,,,,Kawanda
SE202009_(244328C1/242996),2020 Tetraploid crossing Block 5 Strip 2,Namande-r5-c46,Namande,1,2905,2905-R-1--C-24,2020-09-23,2.0,,,,,,,,,Kawanda
SE202009_(244329C1/242999),2020 Tetraploid crossing Block 5 Strip 2,660K-1-r5-c6,660K-1,1,AG201087-4,AG201087-4-R-7--C-22,2020-09-27,2.0,2021-02-01,2021-02-17,0,,,,,,Kawanda
SE202009_(244331C1/242999),2020 Tetraploid crossing Block 5 Strip 2,1201K-r6-c13,1201K-1,1,AG201087-4,AG201087-4-R-7--C-22,2020-09-23,3.0,2021-01-04,2021-01-13,15,,,,,,Kawanda
SE202010_(240064C1/242855),2020 Triploid crossing Block 4 Strip 3,enz-r6-c7,ITC1354-Enzirabahima,1,2905,2905-R-1--C-25,2020-10-16,3.0,2021-01-26,,,,,,,,Kawanda
SE202010_(240071C1/242855),2020 Triploid crossing Block 4 Strip 3,enz-r4-c9,ITC1354-Enzirabahima,1,2905,2905-R-1--C-25,2020-10-22,3.0,2021-01-18,,,,,,,,Kawanda
SE202010_(240112C1/242855),2020 Triploid crossing Block 4 Strip 3,enz-r3-c13,ITC1354-Enzirabahima,1,2905,2905-R-1--C-25,2020-10-27,3.0,2021-02-04,2021-02-08,0,,,,,,Kawanda
SE202010_(240184C1/242855),2020 Triploid crossing Block 4 Strip 3,enz-r2-c11,ITC1354-Enzirabahima,1,2905,2905-R-1--C-25,2020-10-10,3.0,,,,,,,,,Kawanda
SE202010_(240257C1/242855),2020 Triploid crossing Block 4 Strip 3,enz-r2-c2,ITC1354-Enzirabahima,1,2905,2905-R-1--C-25,2020-10-01,2.0,2020-12-30,2021-01-11,0,,,,,,Kawanda
SE202010_(242307C1/242996),2020 females  Block 5 strip 5,IITA-Nakyetengu-R-7-C-23,IITA-Nakyetengu,1,2905,2905-R-1--C-24,2020-10-20,2.0,,,,,,,,,Kawanda
SE202010_(242325C1/242996),2020 females  Block 5 strip 5,Kabucuragye-R-6-C-17,Kabucuragye,1,2905,2905-R-1--C-24,2020-10-09,3.0,,,,,,,,,Kawanda
SE202010_(242328C1/242850),2020 females  Block 5 strip 5,Namande-R-4-C-1,Namande,1,2905,2905-R-2--C-23,2020-10-04,3.0,2021-03-12,2021-03-26,3,,,,,,Kawanda
SE202010_(242340C1/242996),2020 females  Block 5 strip 5,Nakawere-R-8-C-14,Nakawere,1,2905,2905-R-1--C-24,2020-10-13,2.0,,,,,,,,,Kawanda
SE202010_(242361C1/243074),2020 females  Block 5 strip 5,Namande-R-3-C-3,Namande,1,2905,2905-R-2--C-24,2020-10-20,2.0,2021-01-26,,,,,,,,Kawanda
SE202010_(242363C1/242864),2020 females  Block 5 strip 5,Nakawere-R-4-C-9,Nakawere,1,2905,2905-R-2--C-27,2020-10-02,,,,,,,,,,Kawanda
SE202010_(242363C1/242996),2020 females  Block 5 strip 5,Nakawere-R-4-C-9,Nakawere,1,2905,2905-R-1--C-24,2020-10-02,2.0,,,,,,,,,Kawanda
SE202010_(242365C1/242850),2020 females  Block 5 strip 5,Kabucuragye-R-5-C-16,Kabucuragye,1,2905,2905-R-2--C-23,2020-10-16,1.0,,,,,,,,,Kawanda
SE202010_(242388C1/242996),2020 females  Block 5 strip 5,IITA-Nakyetengu-R-2-C-26,IITA-Nakyetengu,1,2905,2905-R-1--C-24,2020-10-12,1.0,,,,,,,,,Kawanda
SE202010_(242389C1/242996),2020 females  Block 5 strip 5,Kabucuragye-R-1-C-21,Kabucuragye,1,2905,2905-R-1--C-24,2020-10-22,2.0,2021-01-26,2021-02-15,0,0,2021-03-02,0.0,,,Kawanda
SE202010_(242392C1/242850),2020 females  Block 5 strip 5,Nakawere-R-8-C-11,Nakawere,1,2905,2905-R-2--C-23,2020-10-04,3.0,,,,,,,,,Kawanda
SE202010_(242396C1/243074),2020 females  Block 5 strip 5,Namande-R-4-C-4,Namande,1,2905,2905-R-2--C-24,2020-10-09,3.0,,,,,,,,,Kawanda
SE202010_(242404C1/243074),2020 females  Block 5 strip 5,Namande-R-5-C-2,Namande,1,2905,2905-R-2--C-24,2020-10-22,4.0,2021-02-05,2021-02-15,0,0,2021-03-02,0.0,,,Kawanda
SE202010_(242412C1/242996),2020 females  Block 5 strip 5,IITA-Nakyetengu-R-7-C-27,IITA-Nakyetengu,1,2905,2905-R-1--C-24,2020-10-09,2.0,,,,,,,,,Kawanda
SE202010_(242416C1/242850),2020 females  Block 5 strip 5,Nakawere-R-4-C-12,Nakawere,1,2905,2905-R-2--C-23,2020-10-19,2.0,,,,,,,,,Kawanda
SE202010_(242418C1/242996),2020 females  Block 5 strip 5,IITA-Nakyetengu-R-2-C-23,IITA-Nakyetengu,1,2905,2905-R-1--C-24,2020-10-22,1.0,2021-02-05,2021-02-15,1,1,2021-03-09,1.0,1.0,2021-03-23,Kawanda
SE202010_(242423C1/243074),2020 females  Block 5 strip 5,Nakawere-R-4-C-8,Nakawere,1,2905,2905-R-2--C-24,2020-10-19,2.0,2021-01-26,,,,,,,,Kawanda
SE202010_(242428C1/242996),2020 females  Block 5 strip 5,IITA-Nakyetengu-R-7-C-26,IITA-Nakyetengu,1,2905,2905-R-1--C-24,2020-10-05,1.0,2021-02-05,2021-02-15,0,,,,,,Kawanda
SE202010_(242436C1/243074),2020 females  Block 5 strip 5,Namande-R-1-C-3,Namande,1,2905,2905-R-2--C-24,2020-10-10,2.0,,,,,,,,,Kawanda
SE202010_(242436C2/243074),2020 females  Block 5 strip 5,Namande-R-1-C-3,Namande,2,2905,2905-R-2--C-24,2020-10-13,4.0,2021-01-26,2021-02-15,0,0,2021-03-02,0.0,,,Kawanda
SE202010_(242445C1/243074),2020 females  Block 5 strip 5,Namande-R-5-C-1,Namande,1,2905,2905-R-2--C-24,2020-10-06,2.0,,,,,,,,,Kawanda
SE202010_(242458C1/242850),2020 females  Block 5 strip 5,Namande-R-4-C-3,Namande,1,2905,2905-R-2--C-23,2020-10-31,,,,,,,,,,Kawanda
SE202010_(242502C1/243074),2020 females  Block 5 strip 5,Namande-R-6-C-4,Namande,1,2905,2905-R-2--C-24,2020-10-19,1.0,,,,,,,,,Kawanda
SE202010_(242503C1/243074),2020 females  Block 5 strip 5,Kabucuragye-R-3-C-16,Kabucuragye,1,2905,2905-R-2--C-24,2020-10-24,2.0,,,,,,,,,Kawanda
SE202010_(242513C1/242850),2020 females  Block 5 strip 5,Nakawere-R-1-C-12,Nakawere,1,2905,2905-R-2--C-23,2020-10-27,1.0,2021-02-05,,,,,,,,Kawanda
SE202010_(242555C1/242996),2020 females  Block 5 strip 5,Nakawere-R-3-C-12,Nakawere,1,2905,2905-R-1--C-24,2020-10-14,3.0,,,,,,,,,Kawanda
SE202010_(242828C1/242990),2020 Tetraploid crossing Block 5 Strip 7,660K-1-R-1--C-13,660K-1,1,402,402-R-4--C-24,2020-10-23,4.0,,,,,,,,,Kawanda
SE202010_(242835C1/243059),2020 Tetraploid crossing Block 5 Strip 7,376K-1-R-9--C-8,376K-1,1,AG201087-4,AG201087-4-R-8--C-22,2020-10-13,5.0,2021-02-28,,,,,,,,Kawanda
SE202010_(242842C1/243051),2020 Tetraploid crossing Block 5 Strip 7,376K-1-R-9--C-14,376K-1,1,716,716-R-5--C-23,2020-10-09,5.0,,,,,,,,,Kawanda
SE202010_(242895C1/242864),2020 Tetraploid crossing Block 5 Strip 7,917K-1-R-1--C-5,917K-1,1,2905,2905-R-2--C-27,2020-10-01,2.0,2021-01-31,2021-02-15,75,33,2021-04-23,24.0,,,Kawanda
SE202010_(242899C1/242864),2020 Tetraploid crossing Block 5 Strip 7,917K-1-R-3--C-4,917K-1,1,2905,2905-R-2--C-27,2020-10-01,2.0,2021-01-22,2021-02-03,22,,,,,,Kawanda
SE202010_(242953C1/242990),2020 Tetraploid crossing Block 5 Strip 7,917K-1-R-1--C-3,917K-1,1,402,402-R-4--C-24,2020-10-22,5.0,2021-02-22,2021-03-02,0,,,,,,Kawanda
SE202010_(242960C1/243051),2020 Tetraploid crossing Block 5 Strip 7,660K-1-R-1--C-9,660K-1,1,716,716-R-5--C-23,2020-10-09,5.0,2021-02-22,2021-03-22,98,,,,,,Kawanda
SE202010_(242968C1/242859),2020 Tetraploid crossing Block 5 Strip 7,401K-1-R-6--C-4,401K-1,1,402,402-R-4--C-22,2020-10-27,4.0,2021-02-22,2021-03-22,0,,,,,,Kawanda
SE202010_(242987C1/242859),2020 Tetraploid crossing Block 5 Strip 7,917K-1-R-3--C-7,917K-1,1,402,402-R-4--C-22,2020-10-27,4.0,2021-02-22,2021-03-01,444,,,,,,Kawanda
SE202010_(243022C1/242864),2020 Tetraploid crossing Block 5 Strip 7,376K-1-R-6--C-9,376K-1,1,2905,2905-R-2--C-27,2020-10-09,4.0,2021-01-31,2021-02-22,0,0,2021-03-02,0.0,,,Kawanda
SE202010_(243062C1/242864),2020 Tetraploid crossing Block 5 Strip 7,401K-1-R-6--C-5,401K-1,1,2905,2905-R-2--C-27,2020-10-01,1.0,2021-01-31,2021-02-15,11,8,2021-03-15,5.0,,,Kawanda
SE202010_(243357C1/243057),2020 Crossing block 5 strip 6,401K-1-R-6--C-38,401K-1,1,AG201087-4,AG201087-4-R-8--C-24,2020-10-12,4.0,2021-02-08,2021-02-26,80,,,,,,Kawanda
SE202010_(243365C1/243057),2020 Crossing block 5 strip 6,660K-1-R-3--C-36,660K-1,1,AG201087-4,AG201087-4-R-8--C-24,2020-10-04,6.0,2021-02-21,2021-02-26,69,,,,,,Kawanda
SE202010_(243377C2/243057),2020 Crossing block 5 strip 6,1411K-1-R-3--C-58,1411K-1,2,AG201087-4,AG201087-4-R-8--C-24,2020-10-13,4.0,2021-02-03,2021-02-22,14,,,,,,Kawanda
SE202010_(243389C1/242999),2020 Crossing block 5 strip 6,199K-3-R-8--C-52,199K-3,1,AG201087-4,AG201087-4-R-7--C-22,2020-10-01,2.0,2021-03-17,2021-04-15,236,,,,,,Kawanda
SE202010_(243404C1/242999),2020 Crossing block 5 strip 6,1201K-1-R-6--C-46,1201K-1,1,AG201087-4,AG201087-4-R-7--C-22,2020-10-01,2.0,2021-01-26,2021-02-10,43,,,,,,Kawanda
SE202010_(243422C1/242999),2020 Crossing block 5 strip 6,401K-1-R-1--C-38,401K-1,1,AG201087-4,AG201087-4-R-7--C-22,2020-10-29,4.0,2021-02-08,2021-03-01,250,220,2021-04-28,33.0,,,Kawanda
SE202010_(243427C1/242896),2020 Crossing block 5 strip 6,917K-2-R-2--C-50,917K-2,1,AG201087-4,AG201087-4-R-7--C-29,2020-10-01,3.0,2021-01-26,2021-02-10,100,69,2021-03-22,51.0,,,Kawanda
SE202010_(243437C1/242999),2020 Crossing block 5 strip 6,376K-1-R-4--C-43,376K-1,1,AG201087-4,AG201087-4-R-7--C-22,2020-10-07,5.0,2021-02-08,2021-02-26,14,,,,,,Kawanda
SE202010_(243441C1/242999),2020 Crossing block 5 strip 6,376K-1-R-3--C-42,376K-1,1,AG201087-4,AG201087-4-R-7--C-22,2020-10-23,3.0,2021-02-22,2021-03-10,0,,,,,,Kawanda
SE202010_(243457C1/242999),2020 Crossing block 5 strip 6,199K-3-R-7--C-52,199K-3,1,AG201087-4,AG201087-4-R-7--C-22,2020-10-21,4.0,2021-02-14,2021-03-01,43,,,,,,Kawanda
SE202010_(243464C1/242999),2020 Crossing block 5 strip 6,1411K-1-R-8--C-59,1411K-1,1,AG201087-4,AG201087-4-R-7--C-22,2020-10-12,4.0,2021-02-08,2021-02-18,32,29,2021-03-22,17.0,,,Kawanda
SE202010_(243498C1/242999),2020 Crossing block 5 strip 6,401K-1-R-8--C-62,401K-1,1,AG201087-4,AG201087-4-R-7--C-22,2020-10-09,5.0,2021-02-08,2021-03-01,238,190,2021-03-11,42.0,,,Kawanda
SE202010_(243501C1/243057),2020 Crossing block 5 strip 6,1411K-1-R-6--C-44,1411K-1,1,AG201087-4,AG201087-4-R-8--C-24,2020-10-21,5.0,2021-02-16,2021-03-05,0,,,,,,Kawanda
SE202010_(243513C1/242896),2020 Crossing block 5 strip 6,246K-1-R-4--C-54,246K-1,1,AG201087-4,AG201087-4-R-7--C-29,2020-10-05,3.0,2021-02-08,2021-02-18,194,164,2021-03-11,29.0,,,Kawanda
SE202010_(243513C2/242896),2020 Crossing block 5 strip 6,246K-1-R-4--C-54,246K-1,2,AG201087-4,AG201087-4-R-7--C-29,2020-10-20,4.0,2021-02-08,2021-03-01,167,,,,,,Kawanda
SE202010_(243563C2/242866),2020 Crossing block 5 strip 6,Nabio1117-R-2--C-56,Nabio1117,2,AG201087-4,AG201087-4-R-9--C-22,2020-10-22,4.0,2021-04-11,2021-05-10,2,,,,,,Kawanda
SE202010_(243587C1/243057),2020 Crossing block 5 strip 6,376K-1-R-6--C-42,376K-1,1,AG201087-4,AG201087-4-R-8--C-24,2020-10-13,5.0,2021-02-10,2021-02-22,72,,,,,,Kawanda
SE202010_(243588C1/242999),2020 Crossing block 5 strip 6,401K-1-R-6--C-63,401K-1,1,AG201087-4,AG201087-4-R-7--C-22,2020-10-07,5.0,2021-02-08,2021-02-18,19,10,2021-03-22,8.0,,,Kawanda
SE202010_(243589C1/242896),2020 Crossing block 5 strip 6,Nabio1117-R-5--C-57,Nabio1117,1,AG201087-4,AG201087-4-R-7--C-29,2020-10-27,4.0,2021-05-07,,,,,,,,Kawanda
SE202010_(243613C1/243057),2020 Crossing block 5 strip 6,Nabio1117-R-7--C-56,Nabio1117,1,AG201087-4,AG201087-4-R-8--C-24,2020-10-26,5.0,2021-04-21,2021-05-10,0,,,,,,Kawanda
SE202010_(243622C1/242999),2020 Crossing block 5 strip 6,Nabio1117-R-1--C-57,Nabio1117,1,AG201087-4,AG201087-4-R-7--C-22,2020-10-06,4.0,2021-03-25,2021-04-22,0,,,,,,Kawanda
SE202010_(243628C1/242896),2020 Crossing block 5 strip 6,246K-1-R-5--C-54,246K-1,1,AG201087-4,AG201087-4-R-7--C-29,2020-10-24,3.0,2021-02-22,2021-03-15,143,108,2021-04-28,9.0,,,Kawanda
SE202010_(243630C1/243057),2020 Crossing block 5 strip 6,660K-1-R-5--C-36,660K-1,1,AG201087-4,AG201087-4-R-8--C-24,2020-10-05,5.0,2021-02-16,2021-03-01,100,64,2021-05-05,22.0,,,Kawanda
SE202010_(243636C1/242999),2020 Crossing block 5 strip 6,Nabio1117-R-6--C-56,Nabio1117,1,AG201087-4,AG201087-4-R-7--C-22,2020-10-04,3.0,,,,,,,,,Kawanda
SE202010_(243674C1/242896),2020 Crossing block 5 strip 6,246K-1-R-2--C-48,246K-1,1,AG201087-4,AG201087-4-R-7--C-29,2020-10-10,,2021-02-08,2021-03-15,173,95,2021-05-05,14.0,,,Kawanda
SE202010_(243674C2/242896),2020 Crossing block 5 strip 6,246K-1-R-2--C-48,246K-1,2,AG201087-4,AG201087-4-R-7--C-29,2020-10-12,2.0,,,,,,,,,Kawanda
SE202010_(243766C1/242999),2020 Crossing block 5 strip 6,401K-1-R-6--C-40,401K-1,1,AG201087-4,AG201087-4-R-7--C-22,2020-10-09,5.0,2021-01-24,2021-02-17,260,256,2021-03-22,107.0,,,Kawanda
SE202010_(243772C1/242999),2020 Crossing block 5 strip 6,199K-3-R-7--C-53,199K-3,1,AG201087-4,AG201087-4-R-7--C-22,2020-10-04,2.0,2021-01-26,2021-02-10,14,,,,,,Kawanda
SE202010_(243790C1/243057),2020 Crossing block 5 strip 6,1411K-1-R-4--C-59,1411K-1,1,AG201087-4,AG201087-4-R-8--C-24,2020-10-16,5.0,,,,,,,,,Kawanda
SE202010_(243801C1/242896),2020 Crossing block 5 strip 6,199K-3-R-2--C-53,199K-3,1,AG201087-4,AG201087-4-R-7--C-29,2020-10-18,,,,,,,,,,Kawanda
SE202010_(243801C2/242896),2020 Crossing block 5 strip 6,199K-3-R-2--C-53,199K-3,2,AG201087-4,AG201087-4-R-7--C-29,2020-10-18,4.0,2021-02-08,2021-02-18,88,55,2021-03-22,42.0,,,Kawanda
SE202010_(243822C1/243057),2020 Crossing block 5 strip 6,660K-1-R-1--C-37,660K-1,1,AG201087-4,AG201087-4-R-8--C-24,2020-10-12,4.0,2021-02-26,2021-03-16,0,,,,,,Kawanda
SE202010_(243918C1/242996),2020 Tetraploid crossing Block 5 Strip 2,Enzirabahima-r3-c50,ITC1354-Enzirabahima,1,2905,2905-R-1--C-24,2020-10-14,4.0,2021-02-05,2021-02-15,5,3,2021-03-15,1.0,,,Kawanda
SE202010_(243965C1/242999),2020 Tetraploid crossing Block 5 Strip 2,401K-1-r6-c27,401K-1,1,AG201087-4,AG201087-4-R-7--C-22,2020-10-05,5.0,2021-02-02,2021-02-17,34,,,,,,Kawanda
SE202010_(244002C1/244010),2020 Tetraploid crossing Block 5 Strip 2,IITA-Nakyetengu-r5-c32,IITA-Nakyetengu,1,2905,2905-r5-c31,2020-10-17,2.0,,,,,,,,,Kawanda
SE202010_(244004C2/242996),2020 Tetraploid crossing Block 5 Strip 2,Namande-r4-c47,Namande,2,2905,2905-R-1--C-24,2020-09-23,3.0,,,,,,,,,Kawanda
SE202010_(244044C1/242999),2020 Tetraploid crossing Block 5 Strip 2,365K-1-r1-c18,365K-1,1,AG201087-4,AG201087-4-R-7--C-22,2020-10-04,3.0,2021-02-02,2021-02-22,4,,,,,,Kawanda
SE202010_(244141C1/242999),2020 Tetraploid crossing Block 5 Strip 2,1747K-1-r6-c4,1747K-1,1,AG201087-4,AG201087-4-R-7--C-22,2020-10-07,5.0,2021-02-10,2021-03-01,0,,,,,,Kawanda
SE202010_(244170C1/242999),2020 Tetraploid crossing Block 5 Strip 2,222K-1-r6-c10,222K-1,1,AG201087-4,AG201087-4-R-7--C-22,2020-10-23,3.0,2021-02-10,2021-03-01,15,,,,,,Kawanda
SE202010_(244173C1/242999),2020 Tetraploid crossing Block 5 Strip 2,401K-1-r6-c26,401K-1,1,AG201087-4,AG201087-4-R-7--C-22,2020-10-26,7.0,2021-02-22,2021-03-10,69,42,2021-04-28,6.0,,,Kawanda
SE202010_(244191C1/242999),2020 Tetraploid crossing Block 5 Strip 2,1747K-1-r4-c3,1747K-1,1,AG201087-4,AG201087-4-R-7--C-22,2020-10-07,5.0,2021-02-22,2021-03-05,12,,,,,,Kawanda
SE202010_(244231C2/242999),2020 Tetraploid crossing Block 5 Strip 2,1747K-1-r3-c3,1747K-1,2,AG201087-4,AG201087-4-R-7--C-22,2020-10-16,5.0,2021-02-22,2021-03-10,14,,,,,,Kawanda
SE202010_(244254C1/244322),2020 Tetraploid crossing Block 5 Strip 2,Nakawere-r5-c39,Nakawere,1,2905,2905-r7-c31,2020-10-10,4.0,2021-01-24,2021-02-03,0,,,,,,Kawanda
SE202010_(244290C1/242999),2020 Tetraploid crossing Block 5 Strip 2,1747K-1-r1-c4,1747K-1,1,AG201087-4,AG201087-4-R-7--C-22,2020-10-23,5.0,2021-03-01,2021-03-16,14,,,,,,Kawanda
SE202010_(244304C1/242999),2020 Tetraploid crossing Block 5 Strip 2,222K-1-r3-c9,222K-1,1,AG201087-4,AG201087-4-R-7--C-22,2020-10-23,3.0,2021-02-10,2021-03-05,0,,,,,,Kawanda
SE202010_(244314C1/242996),2020 Tetraploid crossing Block 5 Strip 2,Namande-r3-c46,Namande,1,2905,2905-R-1--C-24,2020-10-19,2.0,2020-12-30,2021-01-15,0,,,,,,Kawanda
SE202010_(244324C1/242999),2020 Tetraploid crossing Block 5 Strip 2,401K-1-r3-c27,401K-1,1,AG201087-4,AG201087-4-R-7--C-22,2020-10-05,5.0,2021-02-01,2021-02-22,127,120,2021-03-22,36.0,,,Kawanda
SE202010_(244337C1/244322),2020 Tetraploid crossing Block 5 Strip 2,Nakawere-r7-c38,Nakawere,1,2905,2905-r7-c31,2020-10-05,1.0,2020-12-30,2021-01-15,0,,,,,,Kawanda
SE202010_(244379C1/242999),2020 Tetraploid crossing Block 5 Strip 2,222K-1-r6-c12,222K-1,1,AG201087-4,AG201087-4-R-7--C-22,2020-10-01,2.0,2021-02-02,2021-02-22,9,,,,,,Kawanda
SE202010_(244384C1/242999),2020 Tetraploid crossing Block 5 Strip 2,1747K-1-r3-c2,1747K-1,1,AG201087-4,AG201087-4-R-7--C-22,2020-10-16,5.0,2021-03-02,2021-03-16,0,,,,,,Kawanda
SE202011_(240009C1/242855),2020 Triploid crossing Block 4 Strip 3,enz-r6-c3,ITC1354-Enzirabahima,1,2905,2905-R-1--C-25,2020-11-02,2.0,2021-02-08,2021-02-26,0,0,2021-03-03,0.0,,,Kawanda
SE202011_(240013C1/242875),2020 Triploid crossing Block 4 Strip 3,enz-r3-c12,ITC1354-Enzirabahima,1,2905,2905-R-2--C-30,2020-11-04,2.0,2021-02-05,2021-02-26,2,1,2021-03-09,0.0,,,Kawanda
SE202011_(240038C1/242875),2020 Triploid crossing Block 4 Strip 3,enz-r7-c8,ITC1354-Enzirabahima,1,2905,2905-R-2--C-30,2020-11-18,3.0,2021-02-25,2021-03-10,0,,,,,,Kawanda
SE202011_(240084C1/242875),2020 Triploid crossing Block 4 Strip 3,enz-r1-c12,ITC1354-Enzirabahima,1,2905,2905-R-2--C-30,2020-11-24,2.0,,,,,,,,,Kawanda
SE202011_(240103C1/242875),2020 Triploid crossing Block 4 Strip 3,enz-r3-c9,ITC1354-Enzirabahima,1,2905,2905-R-2--C-30,2020-11-12,3.0,2021-02-25,2021-03-10,0,,,,,,Kawanda
SE202011_(240107C1/242875),2020 Triploid crossing Block 4 Strip 3,enz-r3-c2,ITC1354-Enzirabahima,1,2905,2905-R-2--C-30,2020-11-18,3.0,,,,,,,,,Kawanda
SE202011_(240130C1/242875),2020 Triploid crossing Block 4 Strip 3,enz-r5-c10,ITC1354-Enzirabahima,1,2905,2905-R-2--C-30,2020-11-07,3.0,2021-02-25,2021-03-10,0,,,,,,Kawanda
SE202011_(240132C1/242875),2020 Triploid crossing Block 4 Strip 3,enz-r9-c6,ITC1354-Enzirabahima,1,2905,2905-R-2--C-30,2020-11-12,4.0,2021-02-22,2021-03-10,0,,,,,,Kawanda
SE202011_(240139C1/242875),2020 Triploid crossing Block 4 Strip 3,enz-r2-c1,ITC1354-Enzirabahima,1,2905,2905-R-2--C-30,2020-11-08,4.0,2021-02-22,2021-03-05,1,0,2021-04-23,0.0,,,Kawanda
SE202011_(240148C1/242875),2020 Triploid crossing Block 4 Strip 3,enz-r8-c8,ITC1354-Enzirabahima,1,2905,2905-R-2--C-30,2020-11-12,4.0,2021-02-25,2021-03-10,0,,,,,,Kawanda
SE202011_(240149C1/242875),2020 Triploid crossing Block 4 Strip 3,enz-r4-c15,ITC1354-Enzirabahima,1,2905,2905-R-2--C-30,2020-11-23,2.0,2021-02-25,2021-03-10,0,,,,,,Kawanda
SE202011_(240179C1/242875),2020 Triploid crossing Block 4 Strip 3,enz-r7-c2,ITC1354-Enzirabahima,1,2905,2905-R-2--C-30,2020-11-04,4.0,,,,,,,,,Kawanda
SE202011_(240268C1/242875),2020 Triploid crossing Block 4 Strip 3,enz-r1-c6,ITC1354-Enzirabahima,1,2905,2905-R-2--C-30,2020-11-18,3.0,2021-03-02,2021-03-11,2,1,2021-04-23,1.0,,,Kawanda
SE202011_(242310C1/243074),2020 females  Block 5 strip 5,Bitambi-R-6-C-7,Bitambi,1,2905,2905-R-2--C-24,2020-11-18,2.0,2021-02-11,2021-03-10,0,,,,,,Kawanda
SE202011_(242343C1/242829),2020 females  Block 5 strip 5,Nakawere-R-3-C-10,Nakawere,1,2905,2905-R-2--C-22,2020-11-23,3.0,2021-02-11,2021-04-15,0,,,,,,Kawanda
SE202011_(242386C1/242829),2020 females  Block 5 strip 5,Kabucuragye-R-6-C-20,Kabucuragye,1,2905,2905-R-2--C-22,2020-11-20,2.0,,,,,,,,,Kawanda
SE202011_(242392C2/242850),2020 females  Block 5 strip 5,Nakawere-R-8-C-11,Nakawere,2,2905,2905-R-2--C-23,2020-11-10,2.0,2021-02-11,2021-03-10,1,,,,,,Kawanda
SE202011_(242458C1/242850),2020 females  Block 5 strip 5,Namande-R-4-C-3,Namande,1,2905,2905-R-2--C-23,2020-11-02,2.0,,,,,,,,,Kawanda
SE202011_(242465C1/242850),2020 females  Block 5 strip 5,Kabucuragye-R-6-C-21,Kabucuragye,1,2905,2905-R-2--C-23,2020-11-18,2.0,2021-03-03,2021-03-16,0,,,,,,Kawanda
SE202011_(242486C1/243074),2020 females  Block 5 strip 5,Namande-R-8-C-4,Namande,1,2905,2905-R-2--C-24,2020-11-18,2.0,,,,,,,,,Kawanda
SE202011_(242500C1/242850),2020 females  Block 5 strip 5,Nakawere-R-6-C-8,Nakawere,1,2905,2905-R-2--C-23,2020-11-15,2.0,2021-02-21,2021-03-10,0,,,,,,Kawanda
SE202011_(242524C1/242829),2020 females  Block 5 strip 5,IITA-Nakyetengu-R-1-C-24,IITA-Nakyetengu,1,2905,2905-R-2--C-22,2020-11-20,5.0,2021-02-28,2021-03-10,0,,,,,,Kawanda
SE202011_(242532C1/242829),2020 females  Block 5 strip 5,Namande-R-1-C-2,Namande,1,2905,2905-R-2--C-22,2020-11-23,,2021-02-28,2021-03-26,0,,,,,,Kawanda
SE202011_(242536C1/242850),2020 females  Block 5 strip 5,Nakawere-R-7-C-14,Nakawere,1,2905,2905-R-2--C-23,2020-11-15,1.0,2021-02-28,2021-03-10,0,,,,,,Kawanda
SE202011_(242547C1/242850),2020 females  Block 5 strip 5,Bitambi-R-1-C-5,Bitambi,1,2905,2905-R-2--C-23,2020-11-10,,2021-02-21,2021-03-01,0,,,,,,Kawanda
SE202011_(242547C2/242850),2020 females  Block 5 strip 5,Bitambi-R-1-C-5,Bitambi,2,2905,2905-R-2--C-23,2020-11-12,2.0,2021-04-20,2021-05-06,0,,,,,,Kawanda
SE202011_(242811C1/242977),2020 Tetraploid crossing Block 5 Strip 7,222K-1-R-4--C-17,222K-1,1,402,402-R-3--C-25,2020-11-11,2.0,2021-03-17,2021-03-17,97,,,,,,Kawanda
SE202011_(242834C1/242977),2020 Tetraploid crossing Block 5 Strip 7,660K-1-R-4--C-9,660K-1,1,402,402-R-3--C-25,2020-11-12,2.0,2021-03-04,2021-03-29,17,,,,,,Kawanda
SE202011_(242843C1/242977),2020 Tetraploid crossing Block 5 Strip 7,917K-1-R-2--C-7,917K-1,1,402,402-R-3--C-25,2020-11-28,5.0,2021-03-13,2021-03-29,26,,,,,,Kawanda
SE202011_(242902C1/242839),2020 Tetraploid crossing Block 5 Strip 7,401K-1-R-8--C-7,401K-1,1,402,402-R-4--C-26,2020-11-16,5.0,2021-03-23,2021-04-04,28,,,,,,Kawanda
SE202011_(242905C1/242977),2020 Tetraploid crossing Block 5 Strip 7,660K-1-R-1--C-14,660K-1,1,402,402-R-3--C-25,2020-11-02,4.0,2021-03-04,2021-03-22,26,,,,,,Kawanda
SE202011_(242909C1/243029),2020 Tetraploid crossing Block 5 Strip 7,917K-1-R-4--C-3,917K-1,1,AG201087-4,AG201087-4-R-7--C-24,2020-11-24,4.0,2021-03-23,2021-04-02,0,,,,,,Kawanda
SE202011_(242916C1/243074),2020 Tetraploid crossing Block 5 Strip 7,660K-1-R-3--C-10,660K-1,1,2905,2905-R-2--C-24,2020-11-03,3.0,2021-03-04,2021-03-22,0,,,,,,Kawanda
SE202011_(242928C1/242839),2020 Tetraploid crossing Block 5 Strip 7,376K-1-R-8--C-9,376K-1,1,402,402-R-4--C-26,2020-11-16,5.0,2021-03-23,,,,,,,,Kawanda
SE202011_(242933C1/242845),2020 Tetraploid crossing Block 5 Strip 7,660K-1-R-1--C-12,660K-1,1,2905,2905-R-1--C-22,2020-11-02,4.0,,,,,,,,,Kawanda
SE202011_(242955C1/242839),2020 Tetraploid crossing Block 5 Strip 7,401K-1-R-9--C-4,401K-1,1,402,402-R-4--C-26,2020-11-16,5.0,2021-03-23,2021-04-14,0,,,,,,Kawanda
SE202011_(242986C1/242839),2020 Tetraploid crossing Block 5 Strip 7,401K-1-R-6--C-2,401K-1,1,402,402-R-4--C-26,2020-11-16,5.0,2021-03-23,2021-04-04,56,,,,,,Kawanda
SE202011_(243002C1/243029),2020 Tetraploid crossing Block 5 Strip 7,376K-1-R-8--C-8,376K-1,1,AG201087-4,AG201087-4-R-7--C-24,2020-11-24,4.0,2021-04-02,,,,,,,,Kawanda
SE202011_(243006C1/242839),2020 Tetraploid crossing Block 5 Strip 7,1201K-1-R-9--C-18,1201K-1,1,402,402-R-4--C-26,2020-11-16,5.0,2021-03-23,2021-04-12,58,,,,,,Kawanda
SE202011_(243025C1/243074),2020 Tetraploid crossing Block 5 Strip 7,401K-1-R-7--C-4,401K-1,1,2905,2905-R-2--C-24,2020-11-03,,2021-04-04,,,,,,,,Kawanda
SE202011_(243025C2/243074),2020 Tetraploid crossing Block 5 Strip 7,401K-1-R-7--C-4,401K-1,2,2905,2905-R-2--C-24,2020-11-07,1.0,,,,,,,,,Kawanda
SE202011_(243049C1/243029),2020 Tetraploid crossing Block 5 Strip 7,660K-1-R-2--C-10,660K-1,1,AG201087-4,AG201087-4-R-7--C-24,2020-11-24,4.0,,,,,,,,,Kawanda
SE202011_(243386C1/242999),2020 Crossing block 5 strip 6,1411K-1-R-8--C-58,1411K-1,1,AG201087-4,AG201087-4-R-7--C-22,2020-11-04,4.0,2021-03-01,2021-03-22,107,,,,,,Kawanda
SE202011_(243386C2/242999),2020 Crossing block 5 strip 6,1411K-1-R-8--C-58,1411K-1,2,AG201087-4,AG201087-4-R-7--C-22,2020-11-21,5.0,2021-03-10,2021-03-29,200,170,2021-04-28,57.0,,,Kawanda
SE202011_(243395C1/242896),2020 Crossing block 5 strip 6,Nabio1117-R-2--C-57,Nabio1117,1,AG201087-4,AG201087-4-R-7--C-29,2020-11-09,6.0,2021-04-29,,,,,,,,Kawanda
SE202011_(243423C1/242896),2020 Crossing block 5 strip 6,917K-2-R-4--C-50,917K-2,1,AG201087-4,AG201087-4-R-7--C-29,2020-11-03,5.0,2021-02-22,2021-03-10,0,,,,,,Kawanda
SE202011_(243450C1/242999),2020 Crossing block 5 strip 6,1201K-1-R-4--C-46,1201K-1,1,AG201087-4,AG201087-4-R-7--C-22,2020-11-30,4.0,2021-03-28,2021-04-15,150,,,,,,Kawanda
SE202011_(243466C1/242999),2020 Crossing block 5 strip 6,401K-1-R-5--C-63,401K-1,1,AG201087-4,AG201087-4-R-7--C-22,2020-11-11,6.0,2021-03-10,2021-03-22,130,,,,,,Kawanda
SE202011_(243472C1/242946),2020 Crossing block 5 strip 6,246K-1-R-5--C-48,246K-1,1,AG201087-4,AG201087-4-R-8--C-23,2020-11-21,2.0,,,,,,,,,Kawanda
SE202011_(243502C1/242946),2020 Crossing block 5 strip 6,Nabio1117-R-1--C-56,Nabio1117,1,AG201087-4,AG201087-4-R-8--C-23,2020-11-13,4.0,,,,,,,,,Kawanda
SE202011_(243611C1/242896),2020 Crossing block 5 strip 6,246K-1-R-8--C-54,246K-1,1,AG201087-4,AG201087-4-R-7--C-29,2020-11-02,3.0,2021-03-03,2021-03-26,20,,,,,,Kawanda
SE202011_(243617C1/242999),2020 Crossing block 5 strip 6,1411K-1-R-6--C-60,1411K-1,1,AG201087-4,AG201087-4-R-7--C-22,2020-11-23,4.0,2021-03-03,2021-03-26,15,,,,,,Kawanda
SE202011_(243649C1/243057),2020 Crossing block 5 strip 6,660K-1-R-7--C-37,660K-1,1,AG201087-4,AG201087-4-R-8--C-24,2020-11-12,4.0,2021-04-11,2021-04-26,0,,,,,,Kawanda
SE202011_(243668C1/242999),2020 Crossing block 5 strip 6,401K-1-R-5--C-41,401K-1,1,AG201087-4,AG201087-4-R-7--C-22,2020-11-18,5.0,2021-03-03,2021-03-26,31,,,,,,Kawanda
SE202011_(243673C1/242999),2020 Crossing block 5 strip 6,1201K-1-R-8--C-47,1201K-1,1,AG201087-4,AG201087-4-R-7--C-22,2020-11-15,5.0,,,,,,,,,Kawanda
SE202011_(243690C1/242999),2020 Crossing block 5 strip 6,401K-1-R-7--C-62,401K-1,1,AG201087-4,AG201087-4-R-7--C-22,2020-11-08,5.0,2021-03-01,2021-03-22,45,,,,,,Kawanda
SE202011_(243691C1/242999),2020 Crossing block 5 strip 6,401K-1-R-4--C-41,401K-1,1,AG201087-4,AG201087-4-R-7--C-22,2020-11-18,5.0,2021-03-14,2021-03-29,128,100,2021-04-30,44.0,,,Kawanda
SE202011_(243709C1/242896),2020 Crossing block 5 strip 6,199K-3-R-3--C-53,199K-3,1,AG201087-4,AG201087-4-R-7--C-29,2020-11-30,3.0,,,,,,,,,Kawanda
SE202011_(243715C1/242896),2020 Crossing block 5 strip 6,1411K-1-R-2--C-58,1411K-1,1,AG201087-4,AG201087-4-R-7--C-29,2020-11-14,6.0,2021-03-01,2021-03-22,155,,,,,,Kawanda
SE202011_(243741C1/242946),2020 Crossing block 5 strip 6,1411K-1-R-1--C-45,1411K-1,1,AG201087-4,AG201087-4-R-8--C-23,2020-11-25,3.0,2021-03-10,2021-04-06,0,,,,,,Kawanda
SE202011_(243754C1/242999),2020 Crossing block 5 strip 6,660K-1-R-3--C-37,660K-1,1,AG201087-4,AG201087-4-R-7--C-22,2020-11-10,7.0,2021-03-01,2021-03-22,0,,,,,,Kawanda
SE202011_(243754C2/242999),2020 Crossing block 5 strip 6,660K-1-R-3--C-37,660K-1,2,AG201087-4,AG201087-4-R-7--C-22,2020-11-28,3.0,,,,,,,,,Kawanda
SE202011_(243765C1/242896),2020 Crossing block 5 strip 6,917K-2-R-5--C-51,917K-2,1,AG201087-4,AG201087-4-R-7--C-29,2020-11-08,4.0,2021-02-26,2021-03-22,218,,,,,,Kawanda
SE202011_(243772C2/242999),2020 Crossing block 5 strip 6,199K-3-R-7--C-53,199K-3,2,AG201087-4,AG201087-4-R-7--C-22,2020-11-23,2.0,2021-03-14,2021-03-22,48,,,,,,Kawanda
SE202011_(243817C1/242999),2020 Crossing block 5 strip 6,1154K-1-R-8--C-49,1154K-1,1,AG201087-4,AG201087-4-R-7--C-22,2020-11-30,2.0,2021-03-03,2021-03-26,135,118,2021-04-28,65.0,,,Kawanda
SE202011_(243851C1/242999),2020 Crossing block 5 strip 6,1201K-1-R-3--C-46,1201K-1,1,AG201087-4,AG201087-4-R-7--C-22,2020-11-30,3.0,2021-03-17,2021-04-15,138,,,,,,Kawanda
SE202011_(243853C1/242999),2020 Crossing block 5 strip 6,401K-1-R-7--C-41,401K-1,1,AG201087-4,AG201087-4-R-7--C-22,2020-11-18,5.0,2021-03-25,2021-04-05,0,,,,,,Kawanda
SE202011_(243893C1/242999),2020 Tetraploid crossing Block 5 Strip 2,401K-1-r2-c26,401K-1,1,AG201087-4,AG201087-4-R-7--C-22,2020-11-10,6.0,2021-03-02,2021-03-22,0,,,,,,Kawanda
SE202011_(243903C1/244010),2020 Tetraploid crossing Block 5 Strip 2,IITA-Nakyetengu-r4-c32,IITA-Nakyetengu,1,2905,2905-r5-c31,2020-11-07,1.0,2021-02-11,2021-02-26,0,0,2021-03-03,0.0,,,Kawanda
SE202011_(243921C1/242999),2020 Tetraploid crossing Block 5 Strip 2,1747K-1-r1-c2,1747K-1,1,AG201087-4,AG201087-4-R-7--C-22,2020-11-03,6.0,2021-03-12,2021-03-29,12,,,,,,Kawanda
SE202011_(243922C1/244357),2020 Tetraploid crossing Block 5 Strip 2,Nakawere-r6-c40,Nakawere,1,2905,2905-r6-c31,2020-11-08,5.0,,,,,,,,,Kawanda
SE202011_(243924C1/242999),2020 Tetraploid crossing Block 5 Strip 2,1747K-1-r7-c3,1747K-1,1,AG201087-4,AG201087-4-R-7--C-22,2020-11-05,5.0,2021-03-02,2021-03-26,10,,,,,,Kawanda
SE202011_(243960C1/243057),2020 Tetraploid crossing Block 5 Strip 2,660K-1-r1-c8,660K-1,1,AG201087-4,AG201087-4-R-8--C-24,2020-11-28,7.0,2021-03-31,,,,,,,,Kawanda
SE202011_(243968C1/242999),2020 Tetraploid crossing Block 5 Strip 2,376K-1-r3-c24,376K-1,1,AG201087-4,AG201087-4-R-7--C-22,2020-11-19,3.0,,,,,,,,,Kawanda
SE202011_(243970C1/244322),2020 Tetraploid crossing Block 5 Strip 2,IITA-Nakyetengu-r7-c33,IITA-Nakyetengu,1,2905,2905-r7-c31,2020-11-15,2.0,,,,,,,,,Kawanda
SE202011_(243979C1/242999),2020 Tetraploid crossing Block 5 Strip 2,1747K-1-r6-c3,1747K-1,1,AG201087-4,AG201087-4-R-7--C-22,2020-11-07,6.0,2021-03-02,2021-03-29,0,,,,,,Kawanda
SE202011_(243985C1/242999),2020 Tetraploid crossing Block 5 Strip 2,1747K-1-r1-c3,1747K-1,1,AG201087-4,AG201087-4-R-7--C-22,2020-11-06,6.0,2021-03-12,2021-03-29,0,,,,,,Kawanda
SE202011_(244038C1/242999),2020 Tetraploid crossing Block 5 Strip 2,376K-1-r4-c22,376K-1,1,AG201087-4,AG201087-4-R-7--C-22,2020-11-06,6.0,2021-02-22,2021-03-16,0,,,,,,Kawanda
SE202011_(244064C1/242996),2020 Tetraploid crossing Block 5 Strip 2,Namande-r3-c49,Namande,1,2905,2905-R-1--C-24,2020-11-08,3.0,2021-02-22,2021-03-10,0,,,,,,Kawanda
SE202011_(244080C1/243057),2020 Tetraploid crossing Block 5 Strip 2,1201K-r7-c15,1201K-1,1,AG201087-4,AG201087-4-R-8--C-24,2020-11-27,6.0,,,,,,,,,Kawanda
SE202011_(244091C1/242999),2020 Tetraploid crossing Block 5 Strip 2,1201K-r1-c15,1201K-1,1,AG201087-4,AG201087-4-R-7--C-22,2020-11-05,4.0,2021-03-02,2021-03-16,52,,,,,,Kawanda
SE202011_(244101C1/242999),2020 Tetraploid crossing Block 5 Strip 2,1201K-r1-c13,1201K-1,1,AG201087-4,AG201087-4-R-7--C-22,2020-11-03,3.0,2021-03-04,2021-03-16,9,,,,,,Kawanda
SE202011_(244156C1/242999),2020 Tetraploid crossing Block 5 Strip 2,376K-1-r7-c23,376K-1,1,AG201087-4,AG201087-4-R-7--C-22,2020-11-17,3.0,2021-03-16,2021-04-06,63,,,,,,Kawanda
SE202011_(244193C1/242999),2020 Tetraploid crossing Block 5 Strip 2,401K-1-r5-c25,401K-1,1,AG201087-4,AG201087-4-R-7--C-22,2020-11-04,5.0,2021-03-02,2021-03-22,12,,,,,,Kawanda
SE202011_(244199C1/243057),2020 Tetraploid crossing Block 5 Strip 2,222K-1-r6-c9,222K-1,1,AG201087-4,AG201087-4-R-8--C-24,2020-11-14,5.0,2021-03-12,2021-03-22,13,,,,,,Kawanda
SE202011_(244256C1/244357),2020 Tetraploid crossing Block 5 Strip 2,Nakawere-r6-c39,Nakawere,1,2905,2905-r6-c31,2020-11-18,2.0,2021-02-22,2021-02-26,22,10,2021-03-09,4.0,,,Kawanda
SE202011_(244273C1/242999),2020 Tetraploid crossing Block 5 Strip 2,1201K-r5-c13,1201K-1,1,AG201087-4,AG201087-4-R-7--C-22,2020-11-21,4.0,2021-03-02,2021-03-26,85,,,,,,Kawanda
SE202011_(244283C1/243057),2020 Tetraploid crossing Block 5 Strip 2,1747K-1-r1-c1,1747K-1,1,AG201087-4,AG201087-4-R-8--C-24,2020-11-16,3.0,2021-03-31,2021-04-15,0,,,,,,Kawanda
SE202011_(244308C1/242999),2020 Tetraploid crossing Block 5 Strip 2,401K-1-r7-c25,401K-1,1,AG201087-4,AG201087-4-R-7--C-22,2020-11-27,5.0,,,,,,,,,Kawanda
SE202011_(244366C1/242999),2020 Tetraploid crossing Block 5 Strip 2,365K-1-r7-c18,365K-1,1,AG201087-4,AG201087-4-R-7--C-22,2020-11-27,6.0,2021-04-07,2021-04-22,0,,,,,,Kawanda
SE202011_(244378C1/243938),2020 Tetraploid crossing Block 5 Strip 2,IITA-Nakyetengu-r3-c35,IITA-Nakyetengu,1,2905,2905-r3-c31,2020-11-12,3.0,2021-02-22,,,,,,,,Kawanda
SE202011_(244387C1/242996),2020 Tetraploid crossing Block 5 Strip 2,Enzirabahima-r3-c52,ITC1354-Enzirabahima,1,2905,2905-R-1--C-24,2020-11-18,3.0,,,,,,,,,Kawanda
SE202011_(244406C1/244242),2020 Tetraploid crossing Block 5 Strip 2,Nakawere-r1-c37,Nakawere,1,2905,2905-r1-c31,2020-11-02,3.0,,,,,,,,,Kawanda
SE202012_(240003C1/242875),2020 Triploid crossing Block 4 Strip 3,enz-r3-c1,ITC1354-Enzirabahima,1,2905,2905-R-2--C-30,2020-12-10,2.0,2021-03-16,2021-04-06,1,1,2021-04-23,0.0,,,Kawanda
SE202012_(240032C1/242875),2020 Triploid crossing Block 4 Strip 3,enz-r8-c2,ITC1354-Enzirabahima,1,2905,2905-R-2--C-30,2020-12-01,3.0,,,,,,,,,Kawanda
SE202012_(240078C1/242875),2020 Triploid crossing Block 4 Strip 3,enz-r2-c3,ITC1354-Enzirabahima,1,2905,2905-R-2--C-30,2020-12-31,3.0,,,,,,,,,Kawanda
SE202012_(240122C1/242875),2020 Triploid crossing Block 4 Strip 3,enz-r6-c1,ITC1354-Enzirabahima,1,2905,2905-R-2--C-30,2020-12-28,3.0,,,,,,,,,Kawanda
SE202012_(240188C1/242875),2020 Triploid crossing Block 4 Strip 3,enz-r9-c13,ITC1354-Enzirabahima,1,2905,2905-R-2--C-30,2020-12-18,,2021-03-16,2021-03-25,3,2,2021-04-23,1.0,,,Kawanda
SE202012_(240226C1/242875),2020 Triploid crossing Block 4 Strip 3,enz-r9-c2,ITC1354-Enzirabahima,1,2905,2905-R-2--C-30,2020-12-01,4.0,2021-03-14,2021-03-25,0,,,,,,Kawanda
SE202012_(240292C1/242875),2020 Triploid crossing Block 4 Strip 3,enz-r8-c5,ITC1354-Enzirabahima,1,2905,2905-R-2--C-30,2020-12-18,,,,,,,,,,Kawanda
SE202012_(240308C1/242875),2020 Triploid crossing Block 4 Strip 3,enz-r4-c2,ITC1354-Enzirabahima,1,2905,2905-R-2--C-30,2020-12-18,,2021-03-22,,,,,,,,Kawanda
SE202012_(242318C1/242829),2020 females  Block 5 strip 5,Nakawere-R-4-C-14,Nakawere,1,2905,2905-R-2--C-22,2020-12-16,1.0,2021-03-18,2021-03-30,0,,,,,,Kawanda
SE202012_(242318C2/242829),2020 females  Block 5 strip 5,Nakawere-R-4-C-14,Nakawere,2,2905,2905-R-2--C-22,2020-12-25,1.0,2021-04-07,2021-05-06,0,,,,,,Kawanda
SE202012_(242355C1/242829),2020 females  Block 5 strip 5,Nakawere-R-8-C-9,Nakawere,1,2905,2905-R-2--C-22,2020-12-29,1.0,2021-03-25,2021-04-15,0,,,,,,Kawanda
SE202012_(242389C2/242829),2020 females  Block 5 strip 5,Kabucuragye-R-1-C-21,Kabucuragye,2,2905,2905-R-2--C-22,2020-12-16,2.0,2021-03-17,,,,,,,,Kawanda
SE202012_(242413C1/242875),2020 females  Block 5 strip 5,Nakawere-R-3-C-9,Nakawere,1,2905,2905-R-2--C-30,2020-12-01,1.0,2021-03-03,2021-03-16,0,,,,,,Kawanda
SE202012_(242427C1/242829),2020 females  Block 5 strip 5,Nakawere-R-2-C-8,Nakawere,1,2905,2905-R-2--C-22,2020-12-04,1.0,2021-03-03,2021-03-16,1,,,,,,Kawanda
SE202012_(242429C1/242829),2020 females  Block 5 strip 5,Kabucuragye-R-6-C-18,Kabucuragye,1,2905,2905-R-2--C-22,2020-12-23,,2021-03-17,,,,,,,,Kawanda
SE202012_(242440C1/242829),2020 females  Block 5 strip 5,Kabucuragye-R-6-C-16,Kabucuragye,1,2905,2905-R-2--C-22,2020-12-04,3.0,2021-03-03,2021-03-16,0,,,,,,Kawanda
SE202012_(242506C1/242829),2020 females  Block 5 strip 5,Kabucuragye-R-2-C-19,Kabucuragye,1,2905,2905-R-2--C-22,2020-12-23,,2021-04-07,2021-04-15,0,,,,,,Kawanda
SE202012_(242520C1/242829),2020 females  Block 5 strip 5,Bitambi-R-8-C-5,Bitambi,1,2905,2905-R-2--C-22,2020-12-14,,2021-02-28,2021-03-22,0,,,,,,Kawanda
SE202012_(242530C1/242829),2020 females  Block 5 strip 5,Nakawere-R-6-C-10,Nakawere,1,2905,2905-R-2--C-22,2020-12-14,2.0,2021-03-18,,,,,,,,Kawanda
SE202012_(242536C2/242829),2020 females  Block 5 strip 5,Nakawere-R-7-C-14,Nakawere,2,2905,2905-R-2--C-22,2020-12-25,3.0,2021-04-07,2021-05-06,0,,,,,,Kawanda
SE202012_(242543C1/242829),2020 females  Block 5 strip 5,Nakawere-R-5-C-13,Nakawere,1,2905,2905-R-2--C-22,2020-12-14,2.0,2021-03-17,,,,,,,,Kawanda
SE202012_(242551C1/242829),2020 females  Block 5 strip 5,Nakawere-R-7-C-9,Nakawere,1,2905,2905-R-2--C-22,2020-12-16,3.0,2021-03-17,,,,,,,,Kawanda
SE202012_(242837C1/242879),2020 Tetraploid crossing Block 5 Strip 7,1201K-1-R-6--C-16,1201K-1,1,402,402-R-3--C-24,2020-12-30,3.0,2021-04-21,,,,,,,,Kawanda
SE202012_(242923C1/242879),2020 Tetraploid crossing Block 5 Strip 7,222K-1-R-3--C-20,222K-1,1,402,402-R-3--C-24,2020-12-28,2.0,,,,,,,,,Kawanda
SE202012_(242979C1/242879),2020 Tetraploid crossing Block 5 Strip 7,376K-1-R-7--C-13,376K-1,1,402,402-R-3--C-24,2020-12-29,,2021-05-03,,,,,,,,Kawanda
SE202012_(242982C1/242915),2020 Tetraploid crossing Block 5 Strip 7,376K-1-R-7--C-9,376K-1,1,402,402-R-3--C-22,2020-12-14,4.0,2021-04-19,,,,,,,,Kawanda
SE202012_(243352C1/243057),2020 Crossing block 5 strip 6,376K-1-R-2--C-42,376K-1,1,AG201087-4,AG201087-4-R-8--C-24,2020-12-23,,2021-04-20,,,,,,,,Kawanda
SE202012_(243404C2/242999),2020 Crossing block 5 strip 6,1201K-1-R-6--C-46,1201K-1,2,AG201087-4,AG201087-4-R-7--C-22,2020-12-09,5.0,2021-04-11,2021-04-22,140,,,,,,Kawanda
SE202012_(243416C1/243057),2020 Crossing block 5 strip 6,1411K-1-R-2--C-59,1411K-1,1,AG201087-4,AG201087-4-R-8--C-24,2020-12-04,3.0,2021-03-19,2021-04-15,240,,,,,,Kawanda
SE202012_(243422C2/243057),2020 Crossing block 5 strip 6,401K-1-R-1--C-38,401K-1,2,AG201087-4,AG201087-4-R-8--C-24,2020-12-19,4.0,,,,,,,,,Kawanda
SE202012_(243427C2/242999),2020 Crossing block 5 strip 6,917K-2-R-2--C-50,917K-2,2,AG201087-4,AG201087-4-R-7--C-22,2020-12-16,3.0,2021-04-02,2021-04-22,92,,,,,,Kawanda
SE202012_(243432C1/243057),2020 Crossing block 5 strip 6,1411K-1-R-4--C-45,1411K-1,1,AG201087-4,AG201087-4-R-8--C-24,2020-12-23,3.0,2021-04-11,,,,,,,,Kawanda
SE202012_(243441C2/242999),2020 Crossing block 5 strip 6,376K-1-R-3--C-42,376K-1,2,AG201087-4,AG201087-4-R-7--C-22,2020-12-10,3.0,2021-03-28,2021-04-15,62,,,,,,Kawanda
SE202012_(243452C2/243057),2020 Crossing block 5 strip 6,660K-1-R-1--C-36,660K-1,2,AG201087-4,AG201087-4-R-8--C-24,2020-12-28,5.0,2021-05-03,,,,,,,,Kawanda
SE202012_(243457C2/242999),2020 Crossing block 5 strip 6,199K-3-R-7--C-52,199K-3,2,AG201087-4,AG201087-4-R-7--C-22,2020-12-04,4.0,,,,,,,,,Kawanda
SE202012_(243459C1/242896),2020 Crossing block 5 strip 6,Nabio1117-R-8--C-56,Nabio1117,1,AG201087-4,AG201087-4-R-7--C-29,2020-12-11,3.0,,,,,,,,,Kawanda
SE202012_(243473C1/243057),2020 Crossing block 5 strip 6,1411K-1-R-2--C-45,1411K-1,1,AG201087-4,AG201087-4-R-8--C-24,2020-12-18,2.0,2021-04-02,2021-04-30,0,,,,,,Kawanda
SE202012_(243480C1/243057),2020 Crossing block 5 strip 6,1154K-1-R-7--C-49,1154K-1,1,AG201087-4,AG201087-4-R-8--C-24,2020-12-28,3.0,2021-04-11,2021-05-06,6,,,,,,Kawanda
SE202012_(243499C1/242999),2020 Crossing block 5 strip 6,1411K-1-R-8--C-44,1411K-1,1,AG201087-4,AG201087-4-R-7--C-22,2020-12-14,3.0,2021-04-11,2021-04-26,95,,,,,,Kawanda
SE202012_(243548C1/242999),2020 Crossing block 5 strip 6,401K-1-R-5--C-39,401K-1,1,AG201087-4,AG201087-4-R-7--C-22,2020-12-07,2.0,2021-04-11,2021-04-22,0,,,,,,Kawanda
SE202012_(243576C1/242999),2020 Crossing block 5 strip 6,401K-1-R-4--C-62,401K-1,1,AG201087-4,AG201087-4-R-7--C-22,2020-12-03,4.0,2021-03-01,2021-03-26,298,,,,,,Kawanda
SE202012_(243601C1/242999),2020 Crossing block 5 strip 6,1411K-1-R-7--C-58,1411K-1,1,AG201087-4,AG201087-4-R-7--C-22,2020-12-18,3.0,2021-04-02,2021-04-06,0,,,,,,Kawanda
SE202012_(243613C2/242999),2020 Crossing block 5 strip 6,Nabio1117-R-7--C-56,Nabio1117,2,AG201087-4,AG201087-4-R-7--C-22,2020-12-18,3.0,,,,,,,,,Kawanda
SE202012_(243622C2/242896),2020 Crossing block 5 strip 6,Nabio1117-R-1--C-57,Nabio1117,2,AG201087-4,AG201087-4-R-7--C-29,2020-12-04,6.0,,,,,,,,,Kawanda
SE202012_(243637C1/242999),2020 Crossing block 5 strip 6,Nabio1117-R-6--C-57,Nabio1117,1,AG201087-4,AG201087-4-R-7--C-22,2020-12-06,3.0,,,,,,,,,Kawanda
SE202012_(243645C1/243057),2020 Crossing block 5 strip 6,1411K-1-R-3--C-44,1411K-1,1,AG201087-4,AG201087-4-R-8--C-24,2020-12-28,5.0,2021-04-20,2021-05-06,0,,,,,,Kawanda
SE202012_(243661C1/242999),2020 Crossing block 5 strip 6,917K-2-R-6--C-51,917K-2,1,AG201087-4,AG201087-4-R-7--C-22,2020-12-08,5.0,2021-04-02,2021-04-22,12,,,,,,Kawanda
SE202012_(243691C2/242999),2020 Crossing block 5 strip 6,401K-1-R-4--C-41,401K-1,2,AG201087-4,AG201087-4-R-7--C-22,2020-12-01,5.0,2021-03-25,2021-04-15,148,102,2021-05-05,18.0,,,Kawanda
SE202012_(243701C1/242999),2020 Crossing block 5 strip 6,401K-1-R-8--C-61,401K-1,1,AG201087-4,AG201087-4-R-7--C-22,2020-12-18,3.0,,,,,,,,,Kawanda
SE202012_(243733C1/242999),2020 Crossing block 5 strip 6,660K-1-R-8--C-36,660K-1,1,AG201087-4,AG201087-4-R-7--C-22,2020-12-08,4.0,2021-04-11,2021-04-26,6,,,,,,Kawanda
SE202012_(243739C1/242999),2020 Crossing block 5 strip 6,376K-1-R-1--C-43,376K-1,1,AG201087-4,AG201087-4-R-7--C-22,2020-12-07,4.0,2021-04-02,2021-04-22,0,,,,,,Kawanda
SE202012_(243769C1/242999),2020 Crossing block 5 strip 6,401K-1-R-2--C-61,401K-1,1,AG201087-4,AG201087-4-R-7--C-22,2020-12-26,4.0,2021-04-26,2021-05-10,98,,,,,,Kawanda
SE202012_(243780C1/242896),2020 Crossing block 5 strip 6,199K-3-R-1--C-52,199K-3,1,AG201087-4,AG201087-4-R-7--C-29,2020-12-04,3.0,2021-03-19,2021-04-06,128,110,2021-04-30,46.0,,,Kawanda
SE202012_(243790C2/242999),2020 Crossing block 5 strip 6,1411K-1-R-4--C-59,1411K-1,2,AG201087-4,AG201087-4-R-7--C-22,2020-12-26,4.0,,,,,,,,,Kawanda
SE202012_(243806C1/242896),2020 Crossing block 5 strip 6,246K-1-R-7--C-55,246K-1,1,AG201087-4,AG201087-4-R-7--C-29,2020-12-14,2.0,2021-04-11,2021-05-06,72,,,,,,Kawanda
SE202012_(243809C1/243057),2020 Crossing block 5 strip 6,376K-1-R-6--C-43,376K-1,1,AG201087-4,AG201087-4-R-8--C-24,2020-12-28,6.0,2021-05-07,,,,,,,,Kawanda
SE202012_(243819C1/242999),2020 Crossing block 5 strip 6,199K-3-R-1--C-53,199K-3,1,AG201087-4,AG201087-4-R-7--C-22,2020-12-23,4.0,2021-04-02,2021-04-06,0,,,,,,Kawanda
SE202012_(243844C1/242999),2020 Crossing block 5 strip 6,376K-1-R-5--C-42,376K-1,1,AG201087-4,AG201087-4-R-7--C-22,2020-12-14,4.0,2021-03-28,2021-04-22,345,,,,,,Kawanda
SE202012_(243847C1/243057),2020 Crossing block 5 strip 6,1411K-1-R-7--C-44,1411K-1,1,AG201087-4,AG201087-4-R-8--C-24,2020-12-22,4.0,2021-04-11,,,,,,,,Kawanda
SE202012_(243923C1/243057),2020 Tetraploid crossing Block 5 Strip 2,660K-1-r1-c7,660K-1,1,AG201087-4,AG201087-4-R-8--C-24,2020-12-31,3.0,2021-05-07,,,,,,,,Kawanda
SE202012_(243936C1/244071),2020 Tetraploid crossing Block 5 Strip 2,Namande-r1-c46,Namande,1,2905,2905-r5-c29,2020-12-18,,,,,,,,,,Kawanda
SE202012_(243957C1/243057),2020 Tetraploid crossing Block 5 Strip 2,1747K-1-r5-c1,1747K-1,1,AG201087-4,AG201087-4-R-8--C-24,2020-12-08,4.0,2021-04-20,,,,,,,,Kawanda
SE202012_(243995C1/242999),2020 Tetraploid crossing Block 5 Strip 2,660K-1-r6-c8,660K-1,1,AG201087-4,AG201087-4-R-7--C-22,2020-12-12,5.0,2021-04-23,,,,,,,,Kawanda
SE202012_(244038C2/242999),2020 Tetraploid crossing Block 5 Strip 2,376K-1-r4-c22,376K-1,2,AG201087-4,AG201087-4-R-7--C-22,2020-12-03,3.0,2021-03-28,2021-04-22,0,,,,,,Kawanda
SE202012_(244051C1/242875),2020 Tetraploid crossing Block 5 Strip 2,Namande-r6-c46,Namande,1,2905,2905-R-2--C-30,2020-11-26,3.0,2021-03-14,2021-03-25,4,3,2021-04-23,3.0,,,Kawanda
SE202012_(244068C1/242999),2020 Tetraploid crossing Block 5 Strip 2,376K-1-r4-c24,376K-1,1,AG201087-4,AG201087-4-R-7--C-22,2020-12-15,4.0,2021-04-07,2021-05-06,53,,,,,,Kawanda
SE202012_(244089C1/244071),2020 Tetraploid crossing Block 5 Strip 2,Enzirabahima-r5-c52,ITC1354-Enzirabahima,1,2905,2905-r5-c29,2020-12-04,3.0,,,,,,,,,Kawanda
SE202012_(244095C1/242875),2020 Tetraploid crossing Block 5 Strip 2,Namande-r3-c47,Namande,1,2905,2905-R-2--C-30,2020-12-01,4.0,,,,,,,,,Kawanda
SE202012_(244166C1/243057),2020 Tetraploid crossing Block 5 Strip 2,222K-1-r7-c11,222K-1,1,AG201087-4,AG201087-4-R-8--C-24,2020-12-16,3.0,2021-03-31,2021-04-15,0,,,,,,Kawanda
SE202012_(244178C1/243057),2020 Tetraploid crossing Block 5 Strip 2,365K-1-r5-c17,365K-1,1,AG201087-4,AG201087-4-R-8--C-24,2020-12-21,4.0,2021-04-20,,,,,,,,Kawanda
SE202012_(244193C2/242999),2020 Tetraploid crossing Block 5 Strip 2,401K-1-r5-c25,401K-1,2,AG201087-4,AG201087-4-R-7--C-22,2020-12-15,3.0,2021-04-07,2021-04-22,0,,,,,,Kawanda
SE202012_(244213C1/243057),2020 Tetraploid crossing Block 5 Strip 2,365K-1-r7-c17,365K-1,1,AG201087-4,AG201087-4-R-8--C-24,2020-12-19,5.0,2021-04-20,,,,,,,,Kawanda
SE202012_(244224C1/242999),2020 Tetraploid crossing Block 5 Strip 2,376K-1-r6-c24,376K-1,1,AG201087-4,AG201087-4-R-7--C-22,2020-12-01,5.0,2021-03-28,2021-04-15,0,,,,,,Kawanda
SE202012_(244246C1/243057),2020 Tetraploid crossing Block 5 Strip 2,1747K-1-r2-c1,1747K-1,1,AG201087-4,AG201087-4-R-8--C-24,2020-12-04,2.0,2021-04-04,2021-04-15,0,,,,,,Kawanda
SE202012_(244262C1/243057),2020 Tetraploid crossing Block 5 Strip 2,401K-1-r5-c26,401K-1,1,AG201087-4,AG201087-4-R-8--C-24,2020-12-31,4.0,2021-05-02,,,,,,,,Kawanda
SE202012_(244278C1/244071),2020 Tetraploid crossing Block 5 Strip 2,Namande-r7-c46,Namande,1,2905,2905-r5-c29,2020-12-18,,2021-04-07,,,,,,,,Kawanda
SE202012_(244313C1/243057),2020 Tetraploid crossing Block 5 Strip 2,401K-1-r4-c25,401K-1,1,AG201087-4,AG201087-4-R-8--C-24,2020-12-28,6.0,2021-04-23,,,,,,,,Kawanda
SE202012_(244384C2/243057),2020 Tetraploid crossing Block 5 Strip 2,1747K-1-r3-c2,1747K-1,2,AG201087-4,AG201087-4-R-8--C-24,2020-12-25,4.0,2021-05-10,,,,,,,,Kawanda
SE202012_(244394C1/243057),2020 Tetraploid crossing Block 5 Strip 2,1747K-1-r4-c2,1747K-1,1,AG201087-4,AG201087-4-R-8--C-24,2020-12-08,4.0,2021-04-07,,,,,,,,Kawanda
SE202012_(244412C1/243057),2020 Tetraploid crossing Block 5 Strip 2,222K-1-r2-c12,222K-1,1,AG201087-4,AG201087-4-R-8--C-24,2020-12-14,1.0,2021-03-31,2021-04-15,0,,,,,,Kawanda
SE202101_(240001C1/242875),2020 Triploid crossing Block 4 Strip 3,enz-r9-c9,ITC1354-Enzirabahima,1,2905,2905-R-2--C-30,2021-01-09,2.0,,,,,,,,,Kawanda
SE202101_(240047C1/242875),2020 Triploid crossing Block 4 Strip 3,enz-r1-c13,ITC1354-Enzirabahima,1,2905,2905-R-2--C-30,2021-01-11,2.0,,,,,,,,,Kawanda
SE202101_(240123C1/242875),2020 Triploid crossing Block 4 Strip 3,enz-r8-c13,ITC1354-Enzirabahima,1,2905,2905-R-2--C-30,2021-01-11,2.0,,,,,,,,,Kawanda
SE202101_(240128C2/242875),2020 Triploid crossing Block 4 Strip 3,enz-r9-c5,ITC1354-Enzirabahima,2,2905,2905-R-2--C-30,2021-01-19,2.0,,,,,,,,,Kawanda
SE202101_(240135C1/242875),2020 Triploid crossing Block 4 Strip 3,enz-r1-c5,ITC1354-Enzirabahima,1,2905,2905-R-2--C-30,2021-01-05,3.0,,,,,,,,,Kawanda
SE202101_(240282C1/242875),2020 Triploid crossing Block 4 Strip 3,enz-r5-c8,ITC1354-Enzirabahima,1,2905,2905-R-2--C-30,2021-01-19,3.0,,,,,,,,,Kawanda
SE202101_(240286C1/242875),2020 Triploid crossing Block 4 Strip 3,enz-r8-c3,ITC1354-Enzirabahima,1,2905,2905-R-2--C-30,2021-01-19,3.0,,,,,,,,,Kawanda
SE202101_(240302C1/242875),2020 Triploid crossing Block 4 Strip 3,enz-r3-c7,ITC1354-Enzirabahima,1,2905,2905-R-2--C-30,2021-01-19,3.0,,,,,,,,,Kawanda
SE202101_(242311C1/242829),2020 females  Block 5 strip 5,Kabucuragye-R-3-C-15,Kabucuragye,1,2905,2905-R-2--C-22,2021-01-26,,2021-05-03,,,,,,,,Kawanda
SE202101_(242390C1/242829),2020 females  Block 5 strip 5,Kabucuragye-R-4-C-20,Kabucuragye,1,2905,2905-R-2--C-22,2021-01-25,,2021-04-20,2021-05-06,0,,,,,,Kawanda
SE202101_(242391C1/242829),2020 females  Block 5 strip 5,Kabucuragye-R-4-C-16,Kabucuragye,1,2905,2905-R-2--C-22,2021-01-12,,,,,,,,,,Kawanda
SE202101_(242507C1/242829),2020 females  Block 5 strip 5,Kabucuragye-R-4-C-19,Kabucuragye,1,2905,2905-R-2--C-22,2021-01-12,1.0,2021-04-07,2021-04-22,0,,,,,,Kawanda
SE202101_(242532C2/242829),2020 females  Block 5 strip 5,Namande-R-1-C-2,Namande,2,2905,2905-R-2--C-22,2021-01-04,,,,,,,,,,Kawanda
SE202101_(242547C2/242829),2020 females  Block 5 strip 5,Bitambi-R-1-C-5,Bitambi,2,2905,2905-R-2--C-22,2021-01-29,,2021-05-03,,,,,,,,Kawanda
SE202101_(242830C1/242879),2020 Tetraploid crossing Block 5 Strip 7,660K-1-R-4--C-11,660K-1,1,402,402-R-3--C-24,2021-01-05,3.0,2021-05-10,,,,,,,,Kawanda
SE202101_(242887C1/242915),2020 Tetraploid crossing Block 5 Strip 7,660K-1-R-3--C-8,660K-1,1,402,402-R-3--C-22,2021-01-08,1.0,2021-05-10,,,,,,,,Kawanda
SE202101_(242959C1/242879),2020 Tetraploid crossing Block 5 Strip 7,376K-1-R-7--C-14,376K-1,1,402,402-R-3--C-24,2021-01-04,4.0,2021-05-03,,,,,,,,Kawanda
SE202101_(242975C1/242915),2020 Tetraploid crossing Block 5 Strip 7,222K-1-R-2--C-20,222K-1,1,402,402-R-3--C-22,2021-01-20,2.0,,,,,,,,,Kawanda
SE202101_(243073C1/242879),2020 Tetraploid crossing Block 5 Strip 7,1201K-1-R-6--C-19,1201K-1,1,402,402-R-3--C-24,2021-01-05,1.0,,,,,,,,,Kawanda
SE202101_(243079C1/242915),2020 Tetraploid crossing Block 5 Strip 7,376K-1-R-6--C-11,376K-1,1,402,402-R-3--C-22,2021-01-20,3.0,,,,,,,,,Kawanda
SE202101_(243367C1/242999),2020 Crossing block 5 strip 6,660K-1-R-4--C-36,660K-1,1,AG201087-4,AG201087-4-R-7--C-22,2021-01-26,3.0,,,,,,,,,Kawanda
SE202101_(243378C1/242999),2020 Crossing block 5 strip 6,246K-1-R-3--C-54,246K-1,1,AG201087-4,AG201087-4-R-7--C-22,2021-01-06,2.0,2021-04-29,,,,,,,,Kawanda
SE202101_(243384C1/242999),2020 Crossing block 5 strip 6,1411K-1-R-4--C-58,1411K-1,1,AG201087-4,AG201087-4-R-7--C-22,2021-01-22,3.0,2021-02-21,,,,,,,,Kawanda
SE202101_(243388C1/242999),2020 Crossing block 5 strip 6,1201K-1-R-6--C-47,1201K-1,1,AG201087-4,AG201087-4-R-7--C-22,2021-01-27,2.0,,,,,,,,,Kawanda
SE202101_(243391C1/243057),2020 Crossing block 5 strip 6,401K-1-R-4--C-63,401K-1,1,AG201087-4,AG201087-4-R-8--C-24,2021-01-02,6.0,2021-05-03,,,,,,,,Kawanda
SE202101_(243407C2/242999),2020 Crossing block 5 strip 6,199K-3-R-2--C-52,199K-3,2,AG201087-4,AG201087-4-R-7--C-22,2021-01-04,4.0,2021-04-20,2021-05-06,0,,,,,,Kawanda
SE202101_(243433C1/242999),2020 Crossing block 5 strip 6,1201K-1-R-2--C-46,1201K-1,1,AG201087-4,AG201087-4-R-7--C-22,2021-01-26,3.0,,,,,,,,,Kawanda
SE202101_(243454C1/242999),2020 Crossing block 5 strip 6,401K-1-R-8--C-38,401K-1,1,AG201087-4,AG201087-4-R-7--C-22,2021-01-14,,2021-05-03,,,,,,,,Kawanda
SE202101_(243469C1/243057),2020 Crossing block 5 strip 6,1411K-1-R-4--C-44,1411K-1,1,AG201087-4,AG201087-4-R-8--C-24,2021-01-02,5.0,2021-04-20,2021-05-06,27,,,,,,Kawanda
SE202101_(243478C1/242999),2020 Crossing block 5 strip 6,199K-3-R-5--C-53,199K-3,1,AG201087-4,AG201087-4-R-7--C-22,2021-01-30,1.0,,,,,,,,,Kawanda
SE202101_(243498C2/242999),2020 Crossing block 5 strip 6,401K-1-R-8--C-62,401K-1,2,AG201087-4,AG201087-4-R-7--C-22,2021-01-04,4.0,2021-05-03,,,,,,,,Kawanda
SE202101_(243560C1/243057),2020 Crossing block 5 strip 6,917K-2-R-8--C-50,917K-2,1,AG201087-4,AG201087-4-R-8--C-24,2021-01-11,3.0,2021-05-07,,,,,,,,Kawanda
SE202101_(243566C1/242999),2020 Crossing block 5 strip 6,1411K-1-R-5--C-58,1411K-1,1,AG201087-4,AG201087-4-R-7--C-22,2021-01-06,4.0,2021-04-26,2021-05-10,6,,,,,,Kawanda
SE202101_(243580C1/242999),2020 Crossing block 5 strip 6,401K-1-R-3--C-41,401K-1,1,AG201087-4,AG201087-4-R-7--C-22,2021-01-11,3.0,2021-05-03,,,,,,,,Kawanda
SE202101_(243592C1/242999),2020 Crossing block 5 strip 6,401K-1-R-8--C-40,401K-1,1,AG201087-4,AG201087-4-R-7--C-22,2021-01-11,3.0,2021-05-10,,,,,,,,Kawanda
SE202101_(243595C1/242999),2020 Crossing block 5 strip 6,401K-1-R-5--C-40,401K-1,1,AG201087-4,AG201087-4-R-7--C-22,2021-01-11,3.0,2021-05-07,,,,,,,,Kawanda
SE202101_(243622C2/242999),2020 Crossing block 5 strip 6,Nabio1117-R-1--C-57,Nabio1117,2,AG201087-4,AG201087-4-R-7--C-22,2021-01-24,3.0,,,,,,,,,Kawanda
SE202101_(243691C2/242999),2020 Crossing block 5 strip 6,401K-1-R-4--C-41,401K-1,2,AG201087-4,AG201087-4-R-7--C-22,2021-01-26,3.0,,,,,,,,,Kawanda
SE202101_(243701C2/242999),2020 Crossing block 5 strip 6,401K-1-R-8--C-61,401K-1,2,AG201087-4,AG201087-4-R-7--C-22,2021-01-05,5.0,2021-04-11,2021-04-26,241,,,,,,Kawanda
SE202101_(243725C1/242854),2020 Crossing block 5 strip 6,1411K-1-R-3--C-59,1411K-1,1,AG201087-4,AG201087-4-R-7--C-23,2021-01-15,4.0,2021-04-29,,,,,,,,Kawanda
SE202101_(243756C1/242854),2020 Crossing block 5 strip 6,401K-1-R-4--C-61,401K-1,1,AG201087-4,AG201087-4-R-7--C-23,2021-01-15,4.0,,,,,,,,,Kawanda
SE202101_(243757C1/242999),2020 Crossing block 5 strip 6,401K-1-R-1--C-61,401K-1,1,AG201087-4,AG201087-4-R-7--C-22,2021-01-19,4.0,,,,,,,,,Kawanda
SE202101_(243780C2/242999),2020 Crossing block 5 strip 6,199K-3-R-1--C-52,199K-3,2,AG201087-4,AG201087-4-R-7--C-22,2021-01-29,,,,,,,,,,Kawanda
SE202101_(243796C1/242999),2020 Crossing block 5 strip 6,199K-3-R-3--C-52,199K-3,1,AG201087-4,AG201087-4-R-7--C-22,2021-01-07,4.0,2021-04-26,2021-05-10,205,,,,,,Kawanda
SE202101_(243801C2/242999),2020 Crossing block 5 strip 6,199K-3-R-2--C-53,199K-3,2,AG201087-4,AG201087-4-R-7--C-22,2021-01-04,4.0,2021-04-29,,,,,,,,Kawanda
SE202101_(243805C1/243057),2020 Crossing block 5 strip 6,246K-1-R-8--C-55,246K-1,1,AG201087-4,AG201087-4-R-8--C-24,2021-01-02,3.0,,,,,,,,,Kawanda
SE202101_(243819C2/242999),2020 Crossing block 5 strip 6,199K-3-R-1--C-53,199K-3,2,AG201087-4,AG201087-4-R-7--C-22,2021-01-07,4.0,2021-04-21,2021-05-10,201,,,,,,Kawanda
SE202101_(243840C1/242999),2020 Crossing block 5 strip 6,1411K-1-R-3--C-60,1411K-1,1,AG201087-4,AG201087-4-R-7--C-22,2021-01-25,4.0,,,,,,,,,Kawanda
SE202101_(243851C2/243057),2020 Crossing block 5 strip 6,1201K-1-R-3--C-46,1201K-1,2,AG201087-4,AG201087-4-R-8--C-24,2021-01-05,5.0,2021-04-26,2021-05-10,25,,,,,,Kawanda
SE202101_(243954C1/244071),2020 Tetraploid crossing Block 5 Strip 2,Namande-r4-c48,Namande,1,2905,2905-r5-c29,2021-01-07,1.0,,,,,,,,,Kawanda
SE202101_(244039C1/242999),2020 Tetraploid crossing Block 5 Strip 2,1747K-1-r5-c2,1747K-1,1,AG201087-4,AG201087-4-R-7--C-22,2021-01-14,4.0,,,,,,,,,Kawanda
SE202101_(244044C2/243057),2020 Tetraploid crossing Block 5 Strip 2,365K-1-r1-c18,365K-1,2,AG201087-4,AG201087-4-R-8--C-24,2021-01-11,3.0,,,,,,,,,Kawanda
SE202101_(244054C1/242999),2020 Tetraploid crossing Block 5 Strip 2,376K-1-r7-c22,376K-1,1,AG201087-4,AG201087-4-R-7--C-22,2021-01-19,3.0,,,,,,,,,Kawanda
SE202101_(244129C1/244071),2020 Tetraploid crossing Block 5 Strip 2,Namande-r4-c46,Namande,1,2905,2905-r5-c29,2021-01-26,1.0,,,,,,,,,Kawanda
SE202101_(244152C1/242999),2020 Tetraploid crossing Block 5 Strip 2,401K-1-r1-c28,401K-1,1,AG201087-4,AG201087-4-R-7--C-22,2021-01-19,4.0,2021-05-10,,,,,,,,Kawanda
SE202101_(244173C2/243057),2020 Tetraploid crossing Block 5 Strip 2,401K-1-r6-c26,401K-1,2,AG201087-4,AG201087-4-R-8--C-24,2021-01-06,4.0,,,,,,,,,Kawanda
SE202101_(244195C1/242999),2020 Tetraploid crossing Block 5 Strip 2,376K-1-r6-c23,376K-1,1,AG201087-4,AG201087-4-R-7--C-22,2021-01-27,3.0,,,,,,,,,Kawanda
SE202101_(244224C2/243057),2020 Tetraploid crossing Block 5 Strip 2,376K-1-r6-c24,376K-1,2,AG201087-4,AG201087-4-R-8--C-24,2021-01-06,4.0,2021-05-02,,,,,,,,Kawanda
SE202101_(244281C1/244071),2020 Tetraploid crossing Block 5 Strip 2,Enzirabahima-r6-c53,ITC1354-Enzirabahima,1,2905,2905-r5-c29,2021-01-20,2.0,2021-04-27,,,,,,,,Kawanda
SE202101_(244289C1/243057),2020 Tetraploid crossing Block 5 Strip 2,401K-1-r4-c28,401K-1,1,AG201087-4,AG201087-4-R-8--C-24,2021-01-05,4.0,2021-04-20,,,,,,,,Kawanda
SE202101_(244290C2/242999),2020 Tetraploid crossing Block 5 Strip 2,1747K-1-r1-c4,1747K-1,2,AG201087-4,AG201087-4-R-7--C-22,2021-01-15,3.0,,,,,,,,,Kawanda
SE202101_(244304C2/242999),2020 Tetraploid crossing Block 5 Strip 2,222K-1-r3-c9,222K-1,2,AG201087-4,AG201087-4-R-7--C-22,2021-01-14,,2021-05-02,,,,,,,,Kawanda
SE202101_(244355C1/242999),2020 Tetraploid crossing Block 5 Strip 2,365K-1-r2-c17,365K-1,1,AG201087-4,AG201087-4-R-7--C-22,2021-01-12,2.0,,,,,,,,,Kawanda
SE202101_(244408C1/243057),2020 Tetraploid crossing Block 5 Strip 2,401K-1-r4-c26,401K-1,1,AG201087-4,AG201087-4-R-8--C-24,2021-01-11,3.0,2021-05-02,,,,,,,,Kawanda
SE202102_(240085C1/242875),2020 Triploid crossing Block 4 Strip 3,enz-r2-c5,ITC1354-Enzirabahima,1,2905,2905-R-2--C-30,2021-02-12,2.0,,,,,,,,,Kawanda
SE202102_(240186C1/242875),2020 Triploid crossing Block 4 Strip 3,enz-r6-c2,ITC1354-Enzirabahima,1,2905,2905-R-2--C-30,2021-02-09,3.0,,,,,,,,,Kawanda
SE202102_(240239C1/242875),2020 Triploid crossing Block 4 Strip 3,enz-r1-c9,ITC1354-Enzirabahima,1,2905,2905-R-2--C-30,2021-02-12,1.0,,,,,,,,,Kawanda
SE202102_(240274C1/242875),2020 Triploid crossing Block 4 Strip 3,enz-r2-c6,ITC1354-Enzirabahima,1,2905,2905-R-2--C-30,2021-02-06,3.0,,,,,,,,,Kawanda
SE202102_(240301C1/242875),2020 Triploid crossing Block 4 Strip 3,enz-r6-c5,ITC1354-Enzirabahima,1,2905,2905-R-2--C-30,2021-02-01,1.0,,,,,,,,,Kawanda
SE202102_(242346C1/242829),2020 females  Block 5 strip 5,Kabucuragye-R-8-C-16,Kabucuragye,1,2905,2905-R-2--C-22,2021-02-06,2.0,,,,,,,,,Kawanda
SE202102_(242442C1/242829),2020 females  Block 5 strip 5,Nakawere-R-2-C-12,Nakawere,1,2905,2905-R-2--C-22,2021-02-12,,,,,,,,,,Kawanda
SE202102_(242523C1/242875),2020 females  Block 5 strip 5,Nakawere-R-2-C-11,Nakawere,1,2905,2905-R-2--C-30,2021-02-05,,,,,,,,,,Kawanda
SE202102_(242878C1/243074),2020 Tetraploid crossing Block 5 Strip 7,376K-1-R-8--C-14,376K-1,1,2905,2905-R-2--C-24,2021-02-01,4.0,,,,,,,,,Kawanda
SE202102_(242880C1/243074),2020 Tetraploid crossing Block 5 Strip 7,1201K-1-R-8--C-19,1201K-1,1,2905,2905-R-2--C-24,2021-02-03,3.0,,,,,,,,,Kawanda
SE202102_(242926C1/243074),2020 Tetraploid crossing Block 5 Strip 7,1201K-1-R-9--C-16,1201K-1,1,2905,2905-R-2--C-24,2021-02-01,4.0,,,,,,,,,Kawanda
SE202102_(242943C1/243074),2020 Tetraploid crossing Block 5 Strip 7,917K-1-R-2--C-1,917K-1,1,2905,2905-R-2--C-24,2021-02-11,4.0,,,,,,,,,Kawanda
SE202102_(243018C1/243074),2020 Tetraploid crossing Block 5 Strip 7,1201K-1-R-7--C-15,1201K-1,1,2905,2905-R-2--C-24,2021-02-11,4.0,,,,,,,,,Kawanda
SE202102_(243034C1/243074),2020 Tetraploid crossing Block 5 Strip 7,401K-1-R-9--C-5,401K-1,1,2905,2905-R-2--C-24,2021-02-10,3.0,,,,,,,,,Kawanda
SE202102_(243393C1/243057),2020 Crossing block 5 strip 6,1154K-1-R-1--C-49,1154K-1,1,AG201087-4,AG201087-4-R-8--C-24,2021-02-13,2.0,,,,,,,,,Kawanda
SE202102_(243458C1/243057),2020 Crossing block 5 strip 6,1201K-1-R-1--C-46,1201K-1,1,AG201087-4,AG201087-4-R-8--C-24,2021-02-02,3.0,,,,,,,,,Kawanda
SE202102_(243507C1/242999),2020 Crossing block 5 strip 6,401K-1-R-6--C-39,401K-1,1,AG201087-4,AG201087-4-R-7--C-22,2021-02-17,,,,,,,,,,Kawanda
SE202102_(243536C1/242999),2020 Crossing block 5 strip 6,660K-1-R-6--C-37,660K-1,1,AG201087-4,AG201087-4-R-7--C-22,2021-02-13,1.0,,,,,,,,,Kawanda
SE202102_(243587C2/242999),2020 Crossing block 5 strip 6,376K-1-R-6--C-42,376K-1,2,AG201087-4,AG201087-4-R-7--C-22,2021-02-17,,,,,,,,,,Kawanda
SE202102_(243604C1/242999),2020 Crossing block 5 strip 6,376K-1-R-8--C-42,376K-1,1,AG201087-4,AG201087-4-R-7--C-22,2021-02-13,1.0,,,,,,,,,Kawanda
SE202102_(243625C1/242999),2020 Crossing block 5 strip 6,376K-1-R-7--C-43,376K-1,1,AG201087-4,AG201087-4-R-7--C-22,2021-02-05,3.0,,,,,,,,,Kawanda
SE202102_(243632C1/243057),2020 Crossing block 5 strip 6,401K-1-R-4--C-40,401K-1,1,AG201087-4,AG201087-4-R-8--C-24,2021-02-09,2.0,,,,,,,,,Kawanda
SE202102_(243712C1/242999),2020 Crossing block 5 strip 6,917K-2-R-7--C-50,917K-2,1,AG201087-4,AG201087-4-R-7--C-22,2021-02-09,1.0,,,,,,,,,Kawanda
SE202102_(243773C1/243057),2020 Crossing block 5 strip 6,401K-1-R-2--C-38,401K-1,1,AG201087-4,AG201087-4-R-8--C-24,2021-02-05,3.0,,,,,,,,,Kawanda
SE202102_(243956C1/243057),2020 Tetraploid crossing Block 5 Strip 2,660K-1-r5-c8,660K-1,1,AG201087-4,AG201087-4-R-8--C-24,2021-02-17,,,,,,,,,,Kawanda
SE202102_(243973C1/242999),2020 Tetraploid crossing Block 5 Strip 2,376K-1-r5-c24,376K-1,1,AG201087-4,AG201087-4-R-7--C-22,2021-02-05,,,,,,,,,,Kawanda
SE202102_(243980C1/242999),2020 Tetraploid crossing Block 5 Strip 2,1201K-r2-c13,1201K-1,1,AG201087-4,AG201087-4-R-7--C-22,2021-02-16,1.0,,,,,,,,,Kawanda
SE202102_(244041C1/242999),2020 Tetraploid crossing Block 5 Strip 2,401K-1-r7-c27,401K-1,1,AG201087-4,AG201087-4-R-7--C-22,2021-02-11,4.0,,,,,,,,,Kawanda
SE202102_(244057C1/242999),2020 Tetraploid crossing Block 5 Strip 2,365K-1-r5-c20,365K-1,1,AG201087-4,AG201087-4-R-7--C-22,2021-02-07,5.0,,,,,,,,,Kawanda
SE202102_(244134C1/242999),2020 Tetraploid crossing Block 5 Strip 2,660K-1-r4-c8,660K-1,1,AG201087-4,AG201087-4-R-7--C-22,2021-02-05,4.0,,,,,,,,,Kawanda
SE202102_(244192C1/244071),2020 Tetraploid crossing Block 5 Strip 2,Namande-r1-c48,Namande,1,2905,2905-r5-c29,2021-02-12,1.0,,,,,,,,,Kawanda
SE202102_(244211C1/244071),2020 Tetraploid crossing Block 5 Strip 2,Kabucuragye-r4-c44,Kabucuragye,1,2905,2905-r5-c29,2021-02-01,1.0,,,,,,,,,Kawanda
SE202102_(244241C1/242999),2020 Tetraploid crossing Block 5 Strip 2,660K-1-r7-c8,660K-1,1,AG201087-4,AG201087-4-R-7--C-22,2021-02-11,4.0,,,,,,,,,Kawanda
SE202102_(244269C1/244071),2020 Tetraploid crossing Block 5 Strip 2,Enzirabahima-r5-c50,ITC1354-Enzirabahima,1,2905,2905-r5-c29,2021-02-12,,,,,,,,,,Kawanda
SE202102_(244292C1/242999),2020 Tetraploid crossing Block 5 Strip 2,376K-1-r7-c21,376K-1,1,AG201087-4,AG201087-4-R-7--C-22,2021-02-05,4.0,,,,,,,,,Kawanda
SE202102_(244302C1/242999),2020 Tetraploid crossing Block 5 Strip 2,1201K-r4-c13,1201K-1,1,AG201087-4,AG201087-4-R-7--C-22,2021-02-16,1.0,,,,,,,,,Kawanda
SE202102_(244350C1/242999),2020 Tetraploid crossing Block 5 Strip 2,365K-1-r6-c18,365K-1,1,AG201087-4,AG201087-4-R-7--C-22,2021-02-11,2.0,,,,,,,,,Kawanda
SE202102_(244363C1/242999),2020 Tetraploid crossing Block 5 Strip 2,365K-1-r1-c20,365K-1,1,AG201087-4,AG201087-4-R-7--C-22,2021-02-17,,,,,,,,,,Kawanda
SE202102_(244370C1/244071),2020 Tetraploid crossing Block 5 Strip 2,Namande-r7-c47,Namande,1,2905,2905-r5-c29,2021-02-01,1.0,,,,,,,,,Kawanda
